stationcode,visitdate,indexscore,bioticstructure,bufferandlandscapecontext,hydrology,physicalstructure,comid,masterid
402SNPMCR,2018-08-05T07:00:00Z,59,33.33,73.25,66.67,62.5,17585800,402SNPMCR
403WE1027,2018-09-05T07:00:00Z,68,52.78,100,83.33,37.5,17567207,403WE1027
309SLCAAS,2018-01-05T08:00:00Z,84,80.56,93.29,75,87.5,8205363,309SLCAAS
201PNG050,2018-01-05T08:00:00Z,72,72.22,100,66.67,50,5330471,201PNG050
801WE1132,2018-05-06T07:00:00Z,85,72.22,100,91.67,75,22559686,801WE1132
801S01671,2018-06-06T07:00:00Z,67,58.33,82.92,75,50,22558774,801S01671
308PS0156,2018-12-06T08:00:00Z,91,91.67,100,83.33,87.5,8188801,308PS0156
111FS0008,2018-09-07T07:00:00Z,86,88.89,93.29,75,87.5,8309034,111FS0008
111BVCMFE,2018-01-07T08:00:00Z,80,44.44,100,100,75,8297229,111BVCMFE
103WER029,2018-08-08T07:00:00Z,79,86.11,100,66.67,62.5,22226788,103WER029
636SAG001,2018-01-08T08:00:00Z,98,100,100,91.67,100,8933518,636SAG001
526PS0072,2018-01-08T08:00:00Z,85,83.33,93.29,75,87.5,7930381,526PS0072
106WER016,2018-06-08T07:00:00Z,87,77.78,100,83.33,87.5,8234604,106WER016
537ADCH41,2018-05-09T07:00:00Z,84,75,100,75,87.5,21610265,537ADCH41
513CCNASC,2018-01-10T08:00:00Z,73,52.78,93.29,83.33,62.5,8005975,513CCNASC
603PS0073,2018-01-08T08:00:00Z,94,97.22,100,91.67,87.5,20272507,603PS0073
630PS0005,2018-01-08T08:00:00Z,85,88.89,100,75,75,8915563,630PS0005
105PS0540,2018-01-09T08:00:00Z,93,100,100,83.33,87.5,8264738,105PS0540
526WER123,2018-01-09T08:00:00Z,73,61.11,93.29,75,62.5,7929215,526WER123
514SBCAMR,2018-01-08T08:00:00Z,86,80.56,93.29,83.33,87.5,14982536,514SBCAMR
526CE0061,2018-11-09T08:00:00Z,77,55.56,100,91.67,62.5,7932053,526CE0061
632CHV001,2018-01-08T08:00:00Z,88,77.78,100,100,75,8922899,632CHV001
552MFCAKR,2018-04-09T07:00:00Z,83,75,93.29,75,87.5,22050595,552MFCAKR
106WER011,2018-01-09T08:00:00Z,90,80.56,100,91.67,87.5,8243440,106WER011
SMC00105,2018-01-04T08:00:00Z,84,69.44,90.29,100,75,22561260,SMC00105
801M12674,2018-01-04T08:00:00Z,33,25,55.17,25,25,20355332,801M12674
SMC00670,2018-12-06T08:00:00Z,36,25,62.5,33.33,25,22525749,SMC00670
845PS0011,2018-12-06T08:00:00Z,39,25,62.5,41.67,25,22525749,845PS0011
SMC01470,2018-09-07T07:00:00Z,58,41.67,75,66.67,50,22525737,SMC01470
801M12673,2018-01-04T08:00:00Z,81,97.22,90.29,75,62.5,20355608,801M12673
801M12672,2018-01-04T08:00:00Z,34,25,62.5,25,25,20359718,801M12672
SMC01694,2018-06-08T07:00:00Z,42,33.33,67.67,41.67,25,22527375,SMC01694
518RCNAPC,2018-10-09T07:00:00Z,78,77.78,93.29,66.67,75,2772712,518RCNAPC
408M03116,2018-01-08T08:00:00Z,36,25,62.5,33.33,25,17562630,408M03116
402M00082,2018-01-07T08:00:00Z,69,69.44,79.75,75,50,17586992,402M00082
402M00066,2018-01-07T08:00:00Z,84,72.22,93.29,83.33,87.5,17586992,402M00066
SMC00324,2018-11-07T08:00:00Z,64,52.78,93.29,58.33,50,17573681,ME-SCR
410M01628,2018-01-06T08:00:00Z,36,25,62.5,33.33,25,17562642,410M01628
ME-CC,2018-01-06T08:00:00Z,63,77.78,75,50,50,17562626,ME-CC
408M03119,2018-01-06T08:00:00Z,67,66.67,75,75,50,17564046,408M03119
SMC00271,2018-01-06T08:00:00Z,81,72.22,93.29,83.33,75,17568061,403M01539
404M04624,2018-01-06T08:00:00Z,69,61.11,80.63,83.33,50,948070152,404M04624
408M03115,2018-01-06T08:00:00Z,59,75,62.5,50,50,17563970,408M03115
ME-VR2,2018-01-06T08:00:00Z,73,63.89,73.25,91.67,62.5,948070372,ME-VR2
402M00114,2018-01-06T08:00:00Z,90,77.78,93.29,100,87.5,17586774,402M00114
403M01626,2018-01-06T08:00:00Z,69,61.11,90.29,75,50,17572797,403M01626
403M01565,2018-01-06T08:00:00Z,62,61.11,86.42,50,50,948070346,403M01565
408BA0660,2018-11-06T08:00:00Z,66,72.22,67.67,75,50,17563970,408BA0660
SMC00206,2018-01-05T08:00:00Z,85,91.67,86.42,75,87.5,20350529,SMC00206
901M14142,2018-01-05T08:00:00Z,80,83.33,67.67,83.33,87.5,20350507,901M14142
901M14141,2018-01-04T08:00:00Z,58,47.22,57.92,75,50,20350533,901M14141
SMC00873,2018-01-04T08:00:00Z,66,61.11,82.92,58.33,62.5,20348415,SMC00873
412WE0552,2018-02-08T08:00:00Z,79,66.67,93.29,91.67,62.5,22514712,412WE0552
412M08642,2018-01-06T08:00:00Z,38,25,67.67,33.33,25,22515036,412M08642
412M08640,2018-01-05T08:00:00Z,36,25,62.5,33.33,25,22514878,412M08640
412CE0232,2018-01-05T08:00:00Z,36,25,62.5,33.33,25,22515812,412CE0232
SMC00440,2018-01-05T08:00:00Z,67,50,82.92,58.33,75,22515786,SMC00440
412M08643,2018-01-05T08:00:00Z,40,33.33,67.67,33.33,25,22518274,412M08643
412M08599,2018-01-06T08:00:00Z,53,50,67.67,58.33,37.5,22515824,412M08599
513UNCAKC,2018-01-10T08:00:00Z,84,77.78,93.29,91.67,75,8005953,513UNCAKC
SMC02656,2018-06-08T07:00:00Z,37,27.78,62.5,33.33,25,22523199,SMC02656
SMC04524,2018-01-07T08:00:00Z,82,77.78,100,75,75,22520983,SMC04524
SMC09534,2018-10-07T07:00:00Z,38,25,67.67,33.33,25,22525157,SMC09534
SMC16832,2018-10-07T07:00:00Z,38,25,67.67,33.33,25,22525157,SMC16832
SMC08766,2018-10-07T07:00:00Z,38,25,67.67,33.33,25,22525157,SMC08766
SMC02976,2018-09-07T07:00:00Z,75,63.89,93.29,91.67,50,22524613,SMC02976
SMC00480,2018-02-07T08:00:00Z,73,58.33,93.29,91.67,50,22524653,SMC00480
405CE0280,2018-02-07T08:00:00Z,75,61.11,93.29,83.33,62.5,22522879,405CE0280
SMC00382,2018-01-06T08:00:00Z,25,25,25,25,25,22523213,SMC00382
LALT503,2018-01-12T08:00:00Z,36,25,62.5,33.33,25,22514962,LALT503
LALT400,2018-01-12T08:00:00Z,46,47.22,55.17,33.33,50,22515824,LALT400
SMC01406,2018-01-12T08:00:00Z,54,52.78,65.17,50,50,22525605,SMC01406
SMC01312,2018-01-12T08:00:00Z,36,25,62.5,33.33,25,22524735,SMC01312
SMC01184,2018-01-12T08:00:00Z,27,25,25,33.33,25,22524737,SMC01184
LAUT402,2018-01-12T08:00:00Z,70,52.78,93.29,83.33,50,22514774,LAUT402
801M15511,2018-01-06T08:00:00Z,82,88.89,93.29,83.33,62.5,22559662,801M15511
801WE1008,2018-12-06T08:00:00Z,83,75,100,83.33,75,22558750,801WE1008
801M15447,2018-07-06T07:00:00Z,86,88.89,90.29,91.67,75,22558868,801M15447
801M15479,2018-06-06T07:00:00Z,72,44.44,90.29,91.67,62.5,22556090,801M15479
403WE0682,2018-05-06T07:00:00Z,62,66.67,73.25,58.33,50,17569981,403WE0682
403WE0560,2018-04-06T07:00:00Z,88,77.78,93.29,91.67,87.5,17567993,403WE0560
403WE0683,2018-05-06T07:00:00Z,75,33.33,96.54,83.33,87.5,17572791,403WE0683
403WE0905,2018-07-06T07:00:00Z,82,80.56,87.5,58.33,100,17568579,403WE0905
911TJKC1x,2019-08-05T07:00:00Z,79,38.89,90.29,100,87.5,20325149,911TJKC1x
911TJWIL3,2019-07-05T07:00:00Z,88,80.56,100,83.33,87.5,20325305,911TJWIL3
719NP7BNC,2019-07-05T07:00:00Z,83,77.78,100,66.67,87.5,22591845,719NP7BNC
719NP7TWP,2019-08-05T07:00:00Z,83,72.22,93.29,66.67,100,22591981,719NP7TWP
405S03280,2019-04-06T07:00:00Z,82,72.22,93.29,75,87.5,22524631,SMC03280
309SARANF,2019-11-06T08:00:00Z,91,91.67,100,83.33,87.5,8204317,309SARANF
309SLCAAS,2019-12-06T08:00:00Z,88,80.56,100,83.33,87.5,8205363,309SLCAAS
207SUI290,2019-01-06T08:00:00Z,80,83.33,85.38,75,75,2784507,207SUI290
110FCA102,2019-01-06T08:00:00Z,78,88.89,93.29,66.67,62.5,8317019,110FCA102
403WE1027,2019-01-05T08:00:00Z,83,63.89,100,91.67,75,17567207,403WE1027
403S01536,2019-01-05T08:00:00Z,58,63.89,40.17,66.67,62.5,17569981,403S01536
626PS0171,2019-01-05T08:00:00Z,86,72.22,93.29,91.67,87.5,22681948,626PS0171
903ACPCT1,2019-08-05T07:00:00Z,82,69.44,93.29,91.67,75,20343195,903ACPCT1
903NP9UAC,2019-07-05T07:00:00Z,87,75,93.29,91.67,87.5,20343125,903NP9UAC
103WER029,2019-09-07T07:00:00Z,89,91.67,100,75,87.5,22226788,103WER029
106WE1066,2019-10-07T07:00:00Z,83,91.67,100,66.67,75,8240980,106WE1066
106WER037,2019-11-07T08:00:00Z,89,97.22,100,83.33,75,8241296,106WER037
526PS1100,2019-01-07T08:00:00Z,91,88.89,100,100,75,7932109,526PS1100
305LGCACR,2019-01-05T08:00:00Z,75,61.11,100,75,62.5,17671963,305LGCACR
111FC1098,2019-01-06T08:00:00Z,85,75,93.29,83.33,87.5,8287522,111FC1098
105PS0540,2019-07-08T07:00:00Z,92,80.56,100,100,87.5,8264738,105PS0540
532WER222,2019-01-08T08:00:00Z,93,83.33,100,100,87.5,17059026,532WER222
603PS0073,2019-01-08T08:00:00Z,89,83.33,100,83.33,87.5,20272507,603PS0073
630PS0005,2019-01-08T08:00:00Z,88,83.33,93.29,100,75,8915563,630PS0005
106WER016,2019-01-08T08:00:00Z,88,80.56,93.29,91.67,87.5,8234604,106WER016
518RCAJNC,2019-04-09T07:00:00Z,90,77.78,93.29,100,87.5,2773540,518RCAJNC
106YJCENT,2019-08-07T07:00:00Z,83,72.22,100,83.33,75,8243832,106YJCENT
801M12684,2019-04-06T07:00:00Z,36,25,62.5,33.33,25,0,801M12684
SMC00105,2019-10-05T07:00:00Z,80,66.67,77.67,100,75,22561260,SMC00105
801M12678,2019-01-04T08:00:00Z,83,80.56,93.29,83.33,75,22563198,801M12678
801M12675,2019-01-04T08:00:00Z,44,33.33,62.5,41.67,37.5,22560942,801M12675
901M14145,2019-01-06T08:00:00Z,44,27.78,67.67,41.67,37.5,20350775,901M14145
SMC00206,2019-04-06T07:00:00Z,79,80.56,86.42,75,75,20350529,SMC00206
SMC00873,2019-10-05T07:00:00Z,71,61.11,90.29,58.33,75,20348415,SMC00873
901M14149,2019-01-05T08:00:00Z,73,69.44,93.29,66.67,62.5,20348571,901M14149
ME-VR2,2019-01-07T08:00:00Z,68,72.22,80.63,83.33,37.5,948070372,ME-VR2
ME-CC,2019-01-07T08:00:00Z,67,80.56,62.5,75,50,17562626,ME-CC
408M03111,2019-01-07T08:00:00Z,64,66.67,78.5,75,37.5,17562626,408M03111
SMC00271,2019-01-06T08:00:00Z,86,69.44,100,100,75,17568061,403M01539
403M01571,2019-01-06T08:00:00Z,83,72.22,96.54,100,62.5,17567763,403M01571
408M03051,2019-01-06T08:00:00Z,71,77.78,80.63,75,50,17563970,408M03051
402M00127,2019-10-06T07:00:00Z,68,61.11,90.29,58.33,62.5,17586736,402M00127
801WE1008,2019-01-06T08:00:00Z,87,69.44,100,91.67,87.5,22558750,801WE1008
801M15547,2019-12-06T08:00:00Z,90,77.78,96.54,100,87.5,22558646,801M15547
801M15530,2019-01-06T08:00:00Z,64,25,90.29,66.67,75,22557918,801M15530
801M15524,2019-01-06T08:00:00Z,36,25,67.67,25,25,22557960,801M15524
403WE0746,2019-07-05T07:00:00Z,73,72.22,80.63,75,62.5,17572895,403WE0746
632WLF001,2019-01-08T08:00:00Z,83,77.78,100,66.67,87.5,8923175,632WLF001
403WE0540,2019-06-06T07:00:00Z,85,77.78,100,75,87.5,17567407,403WE0540
404BA0852,2019-08-05T07:00:00Z,86,75,93.29,75,100,20365057,404BA0852
404BA1128,2019-05-06T07:00:00Z,68,66.67,86.42,58.33,62.5,20364949,NA
408M03100,2019-09-05T07:00:00Z,39,25,62.5,41.67,25,17562608,408M03100
402M00058,2019-10-06T07:00:00Z,67,55.56,90.29,83.33,37.5,17586634,402M00058
402M00110,2019-10-06T07:00:00Z,70,44.44,93.29,91.67,50,17586760,402M00110
404M04674,2019-09-05T07:00:00Z,48,38.89,73.25,41.67,37.5,20364753,404M04674
403M01580,2019-01-05T08:00:00Z,60,38.89,90.29,50,62.5,17573709,403M01580
403M01560,2019-01-05T08:00:00Z,58,52.78,93.29,50,37.5,17573709,403M01560
SMC00318,2019-07-08T07:00:00Z,38,25,67.67,33.33,25,22518274,SMC00318
412M08599,2019-01-07T08:00:00Z,50,50,67.67,58.33,25,22515824,412M08599
412WE0552,2019-01-07T08:00:00Z,76,63.89,93.29,83.33,62.5,22514712,412WE0552
412M08646,2019-01-07T08:00:00Z,36,25,62.5,33.33,25,22515818,412M08646
412M08647,2019-01-07T08:00:00Z,74,47.22,100,100,50,22514600,412M08647
SMC01004,2019-01-07T08:00:00Z,36,25,62.5,33.33,25,22515822,SMC01004
412M08645,2019-01-07T08:00:00Z,56,69.44,67.67,50,37.5,22515734,412M08645
412CE0232,2019-01-07T08:00:00Z,36,25,62.5,33.33,25,22515812,412CE0232
SMC00926,2018-12-06T08:00:00Z,51,69.44,30.17,66.67,37.5,22527363,SMC00926
518RCAJNC,2018-01-08T08:00:00Z,88,69.44,93.29,100,87.5,2773540,518RCAJNC
SMC01440,2018-01-06T08:00:00Z,74,75,75,83.33,62.5,22524703,SMC01440
312NPPCBR,2019-01-05T08:00:00Z,91,91.67,100,83.33,87.5,17632482,312NPPCBR
111WER077,2019-01-08T08:00:00Z,80,83.33,100,75,62.5,8284864,111WER077
403R4S211,2015-04-28T07:00:00Z,66,41.67,90.29,83.33,50,17569947,403R4S211
404M04532,2015-07-14T07:00:00Z,56,58.33,35.75,66.67,62.5,948070152,404M04532
SMC09698,2015-04-21T07:00:00Z,74,58.33,80.63,83.33,75,22536092,802S09698
902M18864,2015-05-06T07:00:00Z,71,77.78,78.5,66.67,62.5,22548207,902M18864
630PS0005,2014-09-09T07:00:00Z,71,63.89,93.29,75,50,8915563,630PS0005
LALT450,2014-09-12T07:00:00Z,74,77.78,86.42,58.33,75,22515822,LALT450
LAUT401,2014-08-07T07:00:00Z,89,91.67,100,75,87.5,22514618,LAUT401
SMC02884,2014-05-27T07:00:00Z,57,58.33,75,58.33,37.5,17564054,SMC02884
801M12669,2017-06-29T07:00:00Z,42,36.11,62.5,33.33,37.5,20355368,801M12669
SMC01278,2017-07-19T07:00:00Z,38,25,67.67,33.33,25,22524991,SMC01278
801SARBFC,2016-05-25T07:00:00Z,81,58.33,90.29,100,75,22558780,801SARBFC
308SBCAH1,2016-06-23T07:00:00Z,78,75,100,75,62.5,8188669,308SBCAH1
630PS0005,2016-08-29T07:00:00Z,86,86.11,100,83.33,75,8915563,630PS0005
519PS0765,2016-06-14T07:00:00Z,68,77.78,80.63,50,62.5,15022615,519PS0765
508PS0042,2008-07-01T07:00:00Z,67,58,83,75,50,2494768,508CCMPRx
504PS0147,2008-07-29T07:00:00Z,66,31,83,75,75,12072870,504PS0147
630PS0005,2008-08-06T07:00:00Z,75,67,92,92,50,8915563,630PS0005
515PS0106,2008-10-06T07:00:00Z,58,61,63,58,50,7970311,515PS0106
404R4S070,2016-05-04T07:00:00Z,85,77.78,90.29,83.33,87.5,20365129,404R4S070
609PS0053,2008-06-25T07:00:00Z,73,36,100,92,63,948090648,609PS0053
517PS0132,2009-07-16T07:00:00Z,85,75,100,75,88,8060985,517PS0132
517PS0039,2009-07-16T07:00:00Z,91,92,92,92,88,8056847,517PS0039
105PS0276,2009-09-08T07:00:00Z,85,72,100,92,75,2556977,105PS0276
554PS0448,2009-07-28T07:00:00Z,80,69,83,92,75,14962459,554PS0448
205STE110,2009-07-15T07:00:00Z,79,53,100,75,88,17693047,205STE110
111BGCAER,2010-01-12T08:00:00Z,82,64,100,75,88,8292877,111BGCAER
203PS0070,2010-09-07T07:00:00Z,56,61,42,58,63,1671421,203PS0070
634CE0482,2015-07-29T07:00:00Z,85,75,100,66.67,100,8941703,634CE0482
636LCY001,2015-08-18T07:00:00Z,88,77.78,100,75,100,8933416,636LCY001
204CE0116,2015-07-09T07:00:00Z,84,61.11,100,75,100,2810027,204CE0116
309CAW130,2015-07-08T07:00:00Z,84,77.78,93.29,66.67,100,8209419,309CAW130
308WER325,2015-06-22T07:00:00Z,77,75,93.29,66.67,75,8188799,308WER325
204AHOACR,2015-06-25T07:00:00Z,83,77.78,93.29,75,87.5,2809859,204AHOACR
801M12652,2017-05-18T07:00:00Z,43,25,67.67,41.67,37.5,20361330,801M12652
902M18893,2017-05-18T07:00:00Z,85,80.56,100,83.33,75,22548371,902M18893
719NP7TWP,2017-05-17T07:00:00Z,76,75,93.29,75,62.5,22591981,719NP7TWP
719NP7AZC,2017-05-16T07:00:00Z,89,75,100,91.67,87.5,22591995,719NP7AZC
906M21738,2017-05-16T07:00:00Z,85,86.11,93.29,75,87.5,20331268,906M21738
906M21758,2017-05-11T07:00:00Z,79,63.89,96.54,66.67,87.5,20331192,906M21758
907M23362,2017-05-09T07:00:00Z,85,80.56,100,83.33,75,20332438,907M23362
909WE0662,2017-05-05T07:00:00Z,86,77.78,100,91.67,75,20332896,909WE0662
910M24924,2017-05-05T07:00:00Z,57,55.56,37.5,58.33,75,20331700,910M24924
905M21756,2017-05-04T07:00:00Z,74,72.22,93.29,66.67,62.5,20328616,905M21756
905PS0026,2017-05-04T07:00:00Z,87,88.89,100,83.33,75,20330878,905PS0026
903M20177,2017-05-03T07:00:00Z,75,72.22,100,66.67,62.5,20341471,903M20177
904WE1125,2017-04-25T07:00:00Z,72,83.33,52.79,75,75,20341953,904WE1125
SMC00105,2017-04-12T07:00:00Z,83,72.22,90.29,83.33,87.5,22561260,SMC00105
911M24945,2017-04-04T07:00:00Z,84,50,100,100,87.5,20325199,911M24945
911M24934,2017-04-04T07:00:00Z,84,77.78,100,83.33,75,20325165,911M24934
518RCAJNC,2017-07-12T07:00:00Z,84,69.44,93.29,100,75,2773540,518RCAJNC
405PS0011,2017-06-29T07:00:00Z,42,33.33,67.67,41.67,25,22525749,405PS0011
SGLR00254,2017-06-29T07:00:00Z,39,33.33,62.5,33.33,25,22524983,SMC00254
SMC00894,2017-06-23T07:00:00Z,61,44.44,73.25,75,50,22525691,SMC00894
106WER016,2017-06-19T07:00:00Z,91,86.11,100,91.67,87.5,8234604,106WER016
907M23346,2017-06-15T07:00:00Z,83,58.33,100,100,75,20330010,907M23346
907M23342,2017-06-13T07:00:00Z,64,52.78,84.04,58.33,62.5,20334390,907M23342
507PS0181,2017-06-13T07:00:00Z,85,69.44,93.29,91.67,87.5,2764276,507PS0181
903M20208,2017-06-12T07:00:00Z,68,61.11,93.29,66.67,50,20341623,903M20208
903M20213,2017-06-12T07:00:00Z,71,80.56,90.29,50,62.5,20341649,903M20213
523PS0803,2017-06-12T07:00:00Z,83,83.33,93.29,91.67,62.5,7984215,523PS0803
519PS0834,2017-06-07T07:00:00Z,53,72.22,42.25,58.33,37.5,15024787,519PS0834
517PS0836,2017-06-07T07:00:00Z,82,69.44,100,83.33,75,8053943,517PS0836
514PS0863,2017-06-06T07:00:00Z,60,50,66.46,75,50,15009435,514PS0863
312NPPCBR,2017-06-01T07:00:00Z,83,80.56,93.29,83.33,75,17632482,312NPPCBR
309CAW174,2017-06-01T07:00:00Z,82,75,93.29,83.33,75,8204151,309CAW174
801M16932,2017-05-31T07:00:00Z,75,61.11,93.29,83.33,62.5,22560574,801M16932
309SLCAAS,2017-05-31T07:00:00Z,93,100,100,83.33,87.5,8205363,309SLCAAS
801M16949,2017-05-31T07:00:00Z,64,55.56,73.92,75,50,948070547,801M16949
SMC09698,2017-05-30T07:00:00Z,79,72.22,80.63,75,87.5,22536092,802S09698
SMC11581,2017-05-30T07:00:00Z,27,25,25,33.33,25,22563070,SMC11581
402S01567,2017-05-24T07:00:00Z,88,80.56,93.29,91.67,87.5,17585776,SMC01567
801M12665,2017-05-18T07:00:00Z,76,83.33,80.63,66.67,75,20355506,801M12665
SMC01097,2017-05-18T07:00:00Z,77,77.78,90.29,66.67,75,22549067,902S01097
522CE0027,2017-09-11T07:00:00Z,91,77.78,87.5,100,100,7995173,522CE0027
514ALCANC,2017-09-05T07:00:00Z,77,61.11,93.29,91.67,62.5,14982952,514ALCANC
508ACNFPW,2017-08-30T07:00:00Z,84,83.33,85.38,91.67,75,8020370,508ACNFPW
518CE0047,2017-08-29T07:00:00Z,79,63.89,93.29,83.33,75,2773542,518CE0047
532FC1181,2017-08-24T07:00:00Z,84,83.33,100,66.67,87.5,20196232,532FC1181
412M08638,2017-08-16T07:00:00Z,77,66.67,93.29,75,75,22514804,412M08638
105PS0540,2017-08-15T07:00:00Z,83,72.22,100,83.33,75,8264738,105PS0540
SMC00464,2017-07-21T07:00:00Z,73,55.56,82.92,91.67,62.5,22524649,SMC00464
SMC00208,2017-07-21T07:00:00Z,80,72.22,93.29,91.67,62.5,22522805,SMC00208
405CE0280,2017-07-19T07:00:00Z,81,55.56,93.29,100,75,22522879,405CE0280
102PS0331,2017-07-11T07:00:00Z,79,83.33,93.29,75,62.5,23936111,102PS0331
LALT450,2017-06-28T07:00:00Z,72,80.56,73.92,58.33,75,22515822,LALT450
LALT405,2017-06-28T07:00:00Z,59,55.56,80.63,50,50,22515812,LALT405
LALT406,2017-06-28T07:00:00Z,69,47.22,86.42,66.67,75,22514928,LALT406
907M23343,2017-06-27T07:00:00Z,69,69.44,80.63,50,75,20334438,907M23343
LALT502,2017-06-23T07:00:00Z,53,77.78,67.67,41.67,25,22518272,LALT502
SMC00206,2017-06-22T07:00:00Z,83,94.44,86.42,75,75,20350529,SMC00206
ME-VR2,2017-06-21T07:00:00Z,70,69.44,73.25,75,62.5,948070372,ME-VR2
901M14138,2017-06-20T07:00:00Z,79,72.22,93.29,75,75,20348499,901M14138
901M14137,2017-06-20T07:00:00Z,59,69.44,55.79,50,62.5,20350669,901M14137
SMC04524,2017-06-15T07:00:00Z,81,66.67,100,83.33,75,22520983,SMC04524
SMC00288,2017-06-14T07:00:00Z,59,61.11,43.13,58.33,75,22524733,SMC00288
412CE0232,2017-05-31T07:00:00Z,36,25,62.5,33.33,25,22515812,412CE0232
SMC00436,2017-05-31T07:00:00Z,38,25,67.67,33.33,25,22515824,SMC00436
408M03047,2017-05-30T07:00:00Z,61,52.78,67.67,75,50,17562626,408M03047
ME-CC,2017-05-30T07:00:00Z,68,80.56,67.67,75,50,17562626,ME-CC
403M01538,2017-05-25T07:00:00Z,72,58.33,90.29,75,62.5,17574757,403M01538
SMC00324,2017-05-25T07:00:00Z,66,61.11,93.29,58.33,50,17573681,ME-SCR
403M01553,2017-05-25T07:00:00Z,72,72.22,86.42,66.67,62.5,17574519,403M01553
412WE0552,2017-05-24T07:00:00Z,78,61.11,93.29,83.33,75,22514712,412WE0552
SMC00924,2017-05-24T07:00:00Z,77,66.67,93.29,75,75,22514774,SMC00924
412M08627,2017-05-17T07:00:00Z,38,25,67.67,33.33,25,22518110,412M08627
412M08632,2017-05-17T07:00:00Z,36,25,62.5,33.33,25,22515754,412M08632
412M08630,2017-05-17T07:00:00Z,33,25,50,33.33,25,22515828,412M08630
SMC00574,2017-05-03T07:00:00Z,40,25,67.67,41.67,25,22525157,SMC00574
SMC00096,2017-05-02T07:00:00Z,36,25,62.5,33.33,25,22524741,SMC00096
SMC00864,2017-05-02T07:00:00Z,33,27.78,28.96,50,25,22523201,SMC00864
408BA0660,2017-04-27T07:00:00Z,70,75,67.67,75,62.5,17563970,408BA0660
408M03038,2017-04-27T07:00:00Z,53,25,67.67,58.33,62.5,17563908,408M03038
402M00046,2017-04-26T07:00:00Z,71,36.11,93.29,91.67,62.5,17586760,402M00046
SMC00520,2017-04-25T07:00:00Z,78,72.22,82.92,83.33,75,22514494,SMC00520
412PS0052,2017-04-25T07:00:00Z,39,25,62.5,41.67,25,22514854,412PS0052
SMC00271,2017-04-20T07:00:00Z,82,77.78,93.29,83.33,75,17568061,403M01539
402M00042,2017-04-19T07:00:00Z,70,52.78,90.29,75,62.5,17586550,402M00042
402M00030,2017-04-19T07:00:00Z,72,47.22,100,91.67,50,17586682,402M00030
SMC00873,2017-04-12T07:00:00Z,82,75,90.29,75,87.5,20348415,SMC00873
SMC01150,2017-03-30T07:00:00Z,50,47.22,67.67,58.33,25,22525157,SMC01150
526PS0472,2009-09-10T07:00:00Z,74,69,100,75,50,7927647,526PS0472
309CAW174,2015-05-20T07:00:00Z,83,66.67,93.29,83.33,87.5,8204151,309CAW174
309CAW178,2015-05-20T07:00:00Z,83,66.67,93.29,83.33,87.5,8204221,309CAW178
403CE0156,2015-06-11T07:00:00Z,73,61.11,80.63,75,75,17572919,403CE0156
403CE0188,2015-06-10T07:00:00Z,44,61.11,25,41.67,50,17573663,403CE0188
403WE0535,2015-06-10T07:00:00Z,78,77.78,90.29,58.33,87.5,17574539,403WE0535
403WE1021,2015-06-09T07:00:00Z,79,61.11,93.29,75,87.5,17569571,403WE1021
403BA0136,2015-06-09T07:00:00Z,76,69.44,86.42,75,75,17570387,403BA0136
403WE0682,2015-06-09T07:00:00Z,73,66.67,90.29,58.33,75,17569981,403WE0682
403WE0534,2015-06-08T07:00:00Z,80,63.89,93.29,75,87.5,17569679,403WE0534
404R4S070,2015-05-27T07:00:00Z,78,66.67,86.42,83.33,75,20365129,404R4S070
404R4S009,2015-04-30T07:00:00Z,65,52.78,75,58.33,75,20364683,404R4S009
403R4S193,2015-04-29T07:00:00Z,80,77.78,80.63,75,87.5,17574677,403R4S193
403R4S137,2015-04-28T07:00:00Z,30,25,30.17,41.67,25,17574407,403R4S137
403R4S117,2015-04-28T07:00:00Z,71,75,82.92,75,50,17572289,403R4S117
405M10596,2015-04-27T07:00:00Z,29,27.78,30.17,33.33,25,22525159,405M10596
509ACNFPP,2015-09-17T07:00:00Z,83,66.67,93.29,83.33,87.5,8020454,509ACNFPP
630PS0005,2015-09-15T07:00:00Z,74,66.67,93.29,75,62.5,8915563,630PS0005
105WE1091,2015-09-02T07:00:00Z,69,36.11,100,66.67,75,8259115,105WE1091
105WE0592,2015-09-01T07:00:00Z,88,80.56,100,83.33,87.5,3918664,105WE0592
106WE1055,2015-08-31T07:00:00Z,89,83.33,100,83.33,87.5,8243780,106WE1055
526CE0061,2015-08-25T07:00:00Z,76,52.78,93.29,83.33,75,7932053,526CE0061
526CE0483,2015-08-25T07:00:00Z,78,61.11,93.29,83.33,75,7928709,526CE0483
105PS0540,2015-08-19T07:00:00Z,79,66.67,93.29,66.67,87.5,8264738,105PS0540
105WE0811,2015-08-18T07:00:00Z,83,58.33,93.29,91.67,87.5,4439748,105WE0811
518RCNAPC,2015-08-12T07:00:00Z,81,66.67,100,83.33,75,2772712,518RCNAPC
111WER046,2015-08-11T07:00:00Z,73,47.22,93.29,75,75,8287544,111WER046
111WER047,2015-08-11T07:00:00Z,80,61.11,100,83.33,75,8287590,111WER047
527CE0093,2015-08-05T07:00:00Z,83,63.89,93.29,100,75,7918617,527CE0093
603PS0073,2015-07-21T07:00:00Z,88,75,100,100,75,20272507,603PS0073
103WER029,2015-07-29T07:00:00Z,92,88.89,100,91.67,87.5,22226788,103WER029
106WER016,2015-07-28T07:00:00Z,87,83.33,93.29,83.33,87.5,8234604,106WER016
603WE0758,2015-07-21T07:00:00Z,91,77.78,100,100,87.5,20274387,603WE0758
111BGCAER,2015-07-08T07:00:00Z,79,58.33,100,83.33,75,8292877,111BGCAER
552MFCAKR,2015-06-18T07:00:00Z,83,77.78,93.29,75,87.5,22050595,552MFCAKR
403WE1027,2015-05-07T07:00:00Z,85,63.89,100,100,75,17567207,403WE1027
412CE0232,2015-07-16T07:00:00Z,36,25,62.5,33.33,25,22515812,412CE0232
412M08597,2015-07-16T07:00:00Z,38,25,67.67,33.33,25,22515812,412M08597
412CE0616,2015-07-16T07:00:00Z,36,25,62.5,33.33,25,22515812,412CE0616
LALT407,2015-07-30T07:00:00Z,79,80.56,85.38,75,75,0,LALT407
LAUT401,2015-07-30T07:00:00Z,70,72.22,85.38,58.33,62.5,22514618,LAUT401
LAUT403,2015-07-30T07:00:00Z,84,77.78,90.29,91.67,75,22514414,LAUT403
LALT406,2015-08-07T07:00:00Z,67,47.22,86.42,83.33,50,22514928,LALT406
LALT503,2015-08-07T07:00:00Z,36,25,62.5,33.33,25,22514962,LALT503
SMC00520,2015-08-26T07:00:00Z,77,80.56,82.92,83.33,62.5,22514494,SMC00520
412WE0552,2015-08-26T07:00:00Z,79,75,93.29,83.33,62.5,22514712,412WE0552
412CE0732,2015-09-02T07:00:00Z,36,25,62.5,33.33,25,22514954,412CE0732
412WE0896,2015-09-02T07:00:00Z,85,77.78,100,75,87.5,22514528,412WE0896
412M08599,2015-09-30T07:00:00Z,45,33.33,62.5,58.33,25,22515824,412M08599
412M08602,2015-09-30T07:00:00Z,39,33.33,62.5,33.33,25,22518268,412M08602
402M00005,2015-06-11T07:00:00Z,89,77.78,100,91.67,87.5,17585758,402M00005
ME-VR2,2015-06-11T07:00:00Z,78,97.22,73.25,66.67,75,948070372,ME-VR2
206RIT020,2015-06-03T07:00:00Z,82,75,93.29,83.33,75,1668249,206RIT020
114CE0291,2015-06-03T07:00:00Z,89,91.67,100,75,87.5,8271905,114CE0291
111CE0551,2015-06-02T07:00:00Z,82,72.22,93.29,75,87.5,8308798,111CE0551
408M03015,2015-06-15T07:00:00Z,50,25,67.67,58.33,50,17564096,408M03015
408M03005,2015-06-15T07:00:00Z,36,25,67.67,25,25,17563950,408M03005
403M01506,2015-06-17T07:00:00Z,65,47.22,82.92,66.67,62.5,17575737,403M01506
SMC00324,2015-06-17T07:00:00Z,73,75,93.29,75,50,17573681,ME-SCR
201LAG330,2015-05-27T07:00:00Z,85,75,93.29,83.33,87.5,5330439,201LAG330
407M01516,2015-06-24T07:00:00Z,37,25,66.46,33.33,25,17587628,407M01516
ME-CC,2015-06-24T07:00:00Z,65,58.33,75,75,50,17562626,ME-CC
628CE0088,2015-05-21T07:00:00Z,85,69.44,93.29,91.67,87.5,22660549,628CE0088
402M00009,2015-06-29T07:00:00Z,95,88.89,100,91.67,100,17586774,402M00009
801WE1132,2015-05-20T07:00:00Z,90,80.56,100,91.67,87.5,22559686,801WE1132
802WE0658,2015-05-20T07:00:00Z,88,77.78,93.29,91.67,87.5,22535146,802WE0658
403M01505,2015-06-29T07:00:00Z,67,58.33,75,83.33,50,17574589,403M01505
403BA0027,2015-07-13T07:00:00Z,87,77.78,100,83.33,87.5,17567373,403BA0027
408M03019,2015-07-14T07:00:00Z,71,58.33,75,75,75,17563970,408M03019
402M00002,2015-08-13T07:00:00Z,65,55.56,93.29,75,37.5,17586972,402M00002
SMC00271,2015-08-13T07:00:00Z,85,80.56,93.29,91.67,75,17568061,403M01539
403STC010,2015-05-06T07:00:00Z,77,36.11,100,83.33,87.5,17568119,403STC010
403STC030,2015-05-06T07:00:00Z,87,77.78,100,83.33,87.5,17567951,403STC030
405M10598,2015-06-30T07:00:00Z,33,25,50,33.33,25,22524751,405M10598
405M10599,2015-06-30T07:00:00Z,39,33.33,62.5,33.33,25,22524955,405M10599
SGUT504,2015-07-06T07:00:00Z,75,61.11,86.42,91.67,62.5,22522845,SGUT504
405CE0280,2015-07-06T07:00:00Z,86,72.22,100,83.33,87.5,22522879,405CE0280
SGUT502,2015-07-06T07:00:00Z,75,55.56,85.38,83.33,75,22522881,SGUT502
405PS0030,2015-07-08T07:00:00Z,75,61.11,86.42,91.67,62.5,22522855,405PS0030
SGLT508,2015-07-24T07:00:00Z,38,25,67.67,33.33,25,22525001,SGLT508
SGLT511,2015-07-24T07:00:00Z,71,69.44,93.29,58.33,62.5,22523195,SGLT511
SGLT510,2015-07-24T07:00:00Z,75,44.44,93.29,100,62.5,948070469,SGLT510
SMC00873,2015-04-23T07:00:00Z,76,72.22,90.29,66.67,75,20348415,SMC00873
901M14118,2015-04-30T07:00:00Z,76,75,93.29,75,62.5,20348413,901M14118
SMC00206,2015-06-16T07:00:00Z,83,97.22,86.42,75,75,20350529,SMC00206
901M14124,2015-06-23T07:00:00Z,33,25,50,33.33,25,20350837,901M14124
845PS0011,2015-06-23T07:00:00Z,41,27.78,67.67,41.67,25,22525749,845PS0011
SMC00670,2015-06-23T07:00:00Z,37,27.78,62.5,33.33,25,22525749,SMC00670
801M12617,2015-04-30T07:00:00Z,40,33.33,58.54,41.67,25,20355456,801M12617
801M12625,2015-07-01T07:00:00Z,36,25,62.5,33.33,25,22563212,801M12625
801M12611,2015-07-01T07:00:00Z,40,30.56,50,41.67,37.5,22560942,801M12611
SMC16169,2015-06-16T07:00:00Z,80,75,86.42,83.33,75,22561262,SMC16169
801M16873,2015-04-15T07:00:00Z,27,25,25,33.33,25,22560696,801M16873
801M16861,2015-04-15T07:00:00Z,66,52.78,93.29,66.67,50,22560686,801M16861
SMC11581,2015-05-13T07:00:00Z,27,25,25,33.33,25,22563070,SMC11581
904M21713,2015-06-26T07:00:00Z,35,38.89,25,50,25,20342575,904M21713
909WE0662,2015-06-22T07:00:00Z,82,69.44,100,83.33,75,20332896,909WE0662
904WE1125,2015-06-22T07:00:00Z,67,69.44,90.29,58.33,50,20341953,904WE1125
909M24923,2015-05-07T07:00:00Z,61,50,62.5,83.33,50,20334504,909M24923
911M24916,2015-04-23T07:00:00Z,54,52.78,62.5,50,50,20325725,911M24916
911M24913,2015-04-23T07:00:00Z,72,77.78,92.04,66.67,50,20325579,911M24913
907M23325,2015-04-28T07:00:00Z,27,25,25,33.33,25,20333122,907M23325
906M23318,2015-04-28T07:00:00Z,58,69.44,43.13,58.33,62.5,20331462,906M23318
902WE0888,2015-06-16T07:00:00Z,71,69.44,85.38,66.67,62.5,22548347,902WE0888
906M23302,2015-06-23T07:00:00Z,55,47.22,86.42,50,37.5,20331478,906M23302
903M20124,2015-06-24T07:00:00Z,63,55.56,93.29,66.67,37.5,20341661,903M20124
903M20153,2015-06-24T07:00:00Z,50,58.33,48.92,66.67,25,20342487,903M20153
902M20161,2015-06-25T07:00:00Z,31,25,25,50,25,22549101,902M20161
905M21721,2015-06-26T07:00:00Z,70,61.11,100,58.33,62.5,20328674,905M21721
904M21720,2015-06-25T07:00:00Z,71,88.89,62.5,58.33,75,20341899,904M21720
905WE1018,2015-06-08T07:00:00Z,78,66.67,100,83.33,62.5,20329672,905WE1018
404M07349,2015-07-15T07:00:00Z,84,88.89,96.54,75,75,20365093,404M07349
404M07346,2015-07-01T07:00:00Z,61,55.56,90.29,50,50,20366125,404M07346
SMC01640,2015-06-30T07:00:00Z,27,25,25,33.33,25,20364739,SMC01640
SMC01384,2015-06-30T07:00:00Z,80,77.78,96.54,58.33,87.5,20365093,SMC01384
403M05758,2015-06-29T07:00:00Z,76,72.22,90.29,66.67,75,17574585,403M05758
403M05757,2015-06-29T07:00:00Z,67,61.11,93.29,75,37.5,17570253,403M05757
403M05771,2015-04-30T07:00:00Z,75,77.78,92.04,66.67,62.5,17572225,403M05771
SMC01097,2015-05-04T07:00:00Z,86,100,90.29,66.67,87.5,22549067,902S01097
801S10259,2012-06-07T07:00:00Z,66,80.56,67.67,66.67,50,20355506,801S10259
202BUT040,2014-07-02T07:00:00Z,90,88.89,100,83.33,87.5,17688195,202BUT040
553KRNAYC,2014-07-31T07:00:00Z,85,69.44,93.29,91.67,87.5,14917925,553KRNAYC
304PS0253,2014-07-02T07:00:00Z,76,66.67,96.54,66.67,75,17682178,304PS0253
204AHOACR,2014-07-01T07:00:00Z,83,77.78,93.29,75,87.5,2809859,204AHOACR
309CAW126,2014-06-26T07:00:00Z,83,77.78,93.29,75,87.5,8203401,309CAW126
403WE0540,2014-06-18T07:00:00Z,80,55.56,93.29,83.33,87.5,17567407,403WE0540
403WE1027,2014-06-18T07:00:00Z,89,72.22,100,83.33,100,17567207,403WE1027
801S03488,2014-06-17T07:00:00Z,73,66.67,93.29,58.33,75,22554684,801S03488
509ACNFPP,2014-09-25T07:00:00Z,81,80.56,93.29,75,75,8020454,509ACNFPP
635PS0146,2014-09-17T07:00:00Z,75,61.11,80.63,83.33,75,8933876,635PS0146
635PRN001,2014-09-17T07:00:00Z,83,75,93.29,75,87.5,8934348,635PRN001
634CLD001,2014-09-11T07:00:00Z,75,58.33,93.29,75,75,8944471,634CLD001
632SVK001,2014-09-10T07:00:00Z,83,83.33,100,75,75,8923193,632SVK001
518CPCRCR,2014-09-04T07:00:00Z,79,69.44,93.29,66.67,87.5,2773146,518CPCRCR
637PS0130,2014-09-03T07:00:00Z,85,75,93.29,83.33,87.5,20295557,637PS0130
518RCNAPC,2014-09-03T07:00:00Z,86,80.56,93.29,83.33,87.5,2772712,518RCNAPC
526PS1496,2014-09-02T07:00:00Z,68,52.78,93.29,75,50,7927647,526PS1496
514ICEUPx,2014-08-28T07:00:00Z,86,75,100,83.33,87.5,14982034,514ICEUPx
631PS0145,2014-08-27T07:00:00Z,71,38.89,93.29,75,75,10744570,631PS0145
630RBS005,2014-08-26T07:00:00Z,83,58.33,93.29,91.67,87.5,8915425,630RBS005
631LWK002,2014-08-26T07:00:00Z,75,66.67,93.29,66.67,75,10744580,631LWK002
514PS0131,2014-08-25T07:00:00Z,83,66.67,93.29,83.33,87.5,14982958,514PS0131
304PS0253,2014-11-19T08:00:00Z,78,52.78,96.54,75,87.5,17682178,304PS0253
106WE0505,2014-08-14T07:00:00Z,82,61.11,93.29,75,100,8245608,106WE0505
105PS0097,2014-08-13T07:00:00Z,86,80.56,93.29,83.33,87.5,4439186,105PS0097
105PS0267,2014-08-13T07:00:00Z,82,83.33,93.29,75,75,360287,105PS0267
526PS0072,2014-08-07T07:00:00Z,85,75,93.29,83.33,87.5,7930381,526PS0072
105PS1492,2014-08-06T07:00:00Z,77,47.22,93.29,91.67,75,2557113,105PS1492
103WER029,2014-07-16T07:00:00Z,91,97.22,100,91.67,75,22226788,103WER029
107PS0021,2014-07-16T07:00:00Z,85,88.89,93.29,83.33,75,8315591,107PS0021
633PS0142,2014-07-07T07:00:00Z,77,75,90.29,66.67,75,8922451,633PS0142
524PS0650,2014-07-02T07:00:00Z,85,80.56,90.29,83.33,87.5,2782349,524PS0650
521PS0663,2014-07-01T07:00:00Z,75,72.22,87.5,66.67,75,2770658,521PS0663
513CCNASC,2014-06-26T07:00:00Z,90,80.56,93.29,100,87.5,8005975,513CCNASC
522CE0027,2014-06-25T07:00:00Z,87,91.67,85.38,83.33,87.5,7995173,522CE0027
111WER003,2014-06-25T07:00:00Z,81,58.33,93.29,83.33,87.5,8305416,111WER003
111BGCAER,2014-06-24T07:00:00Z,79,66.67,100,75,75,8292877,111BGCAER
519PS0646,2014-06-12T07:00:00Z,48,47.22,50,58.33,37.5,15036577,519PS0646
511PS0657,2014-06-12T07:00:00Z,60,75,50,66.67,50,15039563,511PS0657
113PS0268,2014-06-11T07:00:00Z,84,66.67,96.54,83.33,87.5,2664619,113PS0268
111PS0110,2014-06-09T07:00:00Z,82,63.89,93.29,83.33,87.5,8308814,111PS0110
801MHC219,2014-06-24T07:00:00Z,82,69.44,80.79,91.67,87.5,22558904,801MHC219
801LYC600,2014-06-23T07:00:00Z,74,47.22,90.29,83.33,75,24843846,801LYC600
801BRC184,2014-06-30T07:00:00Z,77,61.11,93.29,91.67,62.5,22555476,801BRC184
801SAR124,2014-06-17T07:00:00Z,79,66.67,93.29,91.67,62.5,22558296,801SAR124
801S02947,2014-06-16T07:00:00Z,29,33.33,25,33.33,25,20355372,801S02947
801S03971,2014-06-16T07:00:00Z,31,25,25,50,25,20355412,801S03971
SGLT506,2014-09-12T07:00:00Z,65,63.89,75,83.33,37.5,22524847,SGLT506
SGLT512,2014-09-11T07:00:00Z,58,52.78,85.38,58.33,37.5,22521723,SGLT512
SGUT501,2014-09-11T07:00:00Z,88,86.11,93.29,83.33,87.5,22524629,SGUT501
LALT501,2014-08-08T07:00:00Z,28,25,30.17,33.33,25,22515822,LALT501
LALT405,2014-08-08T07:00:00Z,56,52.78,75,58.33,37.5,22515812,LALT405
LAUT402,2014-08-07T07:00:00Z,83,72.22,93.29,91.67,75,22514774,LAUT402
LAUT403,2014-08-07T07:00:00Z,71,58.33,93.29,83.33,50,22514414,LAUT403
SMC00288,2014-06-04T07:00:00Z,69,63.89,68.13,58.33,87.5,22524733,SMC00288
SMC00464,2014-06-04T07:00:00Z,70,61.11,82.92,75,62.5,22524649,SMC00464
SMC02366,2014-06-23T07:00:00Z,33,30.56,50,25,25,22524979,SMC02366
SMC17432,2014-06-23T07:00:00Z,38,25,67.67,33.33,25,22525157,SMC17432
SGUT503,2014-07-01T07:00:00Z,86,72.22,93.29,91.67,87.5,22522647,SGUT503
SMC06496,2014-07-09T07:00:00Z,78,66.67,96.54,75,75,22523021,SMC06496
SMC02976,2014-07-25T07:00:00Z,78,72.22,93.29,83.33,62.5,22524613,SMC02976
SMC02680,2014-06-03T07:00:00Z,38,25,67.67,33.33,25,22514854,SMC02680
SMC07128,2014-06-03T07:00:00Z,90,97.22,96.54,91.67,75,22515710,SMC07128
SMC06216,2014-06-03T07:00:00Z,81,88.89,90.29,83.33,62.5,22514628,SMC06216
SMC02996,2014-06-11T07:00:00Z,34,25,62.5,25,25,22514962,SMC02996
SMC06188,2014-06-11T07:00:00Z,83,97.22,93.29,66.67,75,22514594,SMC06188
SMC02988,2014-06-12T07:00:00Z,36,25,62.5,33.33,25,22517996,SMC02988
SMC06252,2014-06-12T07:00:00Z,83,83.33,85.38,75,87.5,22514894,SMC06252
SMC05109,2014-05-07T07:00:00Z,70,80.56,86.42,75,37.5,22548249,SMC05109
902ARO100,2014-04-21T07:00:00Z,94,88.89,100,100,87.5,22550557,NA
REF-TCAS,2014-05-20T07:00:00Z,91,88.89,93.29,83.33,100,20348207,REF-TCAS
SMC00206,2014-06-05T07:00:00Z,84,97.22,86.42,66.67,87.5,20350529,SMC00206
SMC00873,2014-06-10T07:00:00Z,91,97.22,90.29,75,100,20348415,SMC00873
SMC00963,2014-07-09T07:00:00Z,83,77.78,90.29,75,87.5,20350529,SMC00963
SMC00105,2014-05-20T07:00:00Z,92,97.22,90.29,91.67,87.5,22561260,SMC00105
SMC02563,2014-05-22T07:00:00Z,38,25,30.17,58.33,37.5,20355416,SMC02563
SMC02494,2014-05-22T07:00:00Z,45,27.78,67.67,58.33,25,22525729,SMC02494
SMC02718,2014-06-30T07:00:00Z,52,58.33,33.54,41.67,75,22525749,SMC02718
SMC04383,2014-05-19T07:00:00Z,73,58.33,90.29,66.67,75,17585808,SMC04383
SMC02127,2014-05-19T07:00:00Z,69,58.33,90.29,66.67,62.5,17586736,SMC02127
ME-VR2,2014-05-19T07:00:00Z,69,80.56,73.25,58.33,62.5,948070372,ME-VR2
SMC04756,2014-05-21T07:00:00Z,63,61.11,75,66.67,50,17563904,SMC04756
SMC01748,2014-05-21T07:00:00Z,58,52.78,85.38,58.33,37.5,163864411,SMC01748
SMC01960,2014-05-21T07:00:00Z,44,27.78,67.67,41.67,37.5,17564880,SMC01960
ME-CC,2014-05-27T07:00:00Z,66,61.11,75,66.67,62.5,17562626,ME-CC
SMC17056,2014-06-20T07:00:00Z,77,77.78,90.29,66.67,75,17574541,SMC17056
404M07358,2016-06-16T07:00:00Z,27,25,25,33.33,25,20366115,404M07358
SGUT505,2016-08-31T07:00:00Z,72,66.67,93.29,66.67,62.5,22524699,SGUT505
SGLT511,2016-08-31T07:00:00Z,70,63.89,93.29,58.33,62.5,22523195,SGLT511
SGLT507,2016-08-19T07:00:00Z,54,58.33,75,58.33,25,22521721,SGLT507
LAUT401,2016-08-23T07:00:00Z,82,75,93.29,83.33,75,22514618,LAUT401
LALT400,2016-08-31T07:00:00Z,52,58.33,67.67,33.33,50,22515824,LALT400
LAUT402,2016-08-23T07:00:00Z,74,55.56,93.29,83.33,62.5,22514774,LAUT402
LAUT403,2016-08-23T07:00:00Z,80,61.11,90.29,91.67,75,22514414,LAUT403
LALT500,2016-08-19T07:00:00Z,42,33.33,67.67,41.67,25,22518270,LALT500
719NP7TWP,2016-05-24T07:00:00Z,89,83.33,100,83.33,87.5,22591981,719NP7TWP
719NP7BNC,2016-05-24T07:00:00Z,83,83.33,100,75,75,22591845,719NP7BNC
719HOTCPF,2016-05-25T07:00:00Z,90,72.22,100,100,87.5,22592597,719HOTCPF
412M08610,2016-07-14T07:00:00Z,84,66.67,93.29,100,75,22514864,412M08610
412PS0040,2016-07-14T07:00:00Z,39,25,62.5,41.67,25,22515806,412PS0040
412M08615,2016-07-07T07:00:00Z,39,33.33,62.5,33.33,25,22514972,412M08615
412CE0232,2016-06-21T07:00:00Z,39,33.33,62.5,33.33,25,22515812,412CE0232
412M08608,2016-06-02T07:00:00Z,61,61.11,75,58.33,50,22515806,412M08608
519PS0817,2016-06-15T07:00:00Z,48,27.78,67.67,58.33,37.5,15036577,519PS0817
111FS0008,2016-06-21T07:00:00Z,84,91.67,93.29,75,75,8309034,111FS0008
111BVCMFE,2016-06-22T07:00:00Z,83,58.33,100,100,75,8297229,111BVCMFE
719NP7AZC,2016-07-06T07:00:00Z,77,75,100,83.33,50,22591995,719NP7AZC
552MFCAKR,2016-07-07T07:00:00Z,85,75,93.29,83.33,87.5,22050595,552MFCAKR
514ALCANC,2016-07-13T07:00:00Z,72,50,93.29,83.33,62.5,14982952,514ALCANC
106PS0307,2016-07-18T07:00:00Z,74,47.22,100,75,75,8242034,106PS0307
105PS0540,2016-07-19T07:00:00Z,86,75,100,83.33,87.5,8264738,105PS0540
103WER029,2016-07-21T07:00:00Z,93,91.67,100,91.67,87.5,22226788,103WER029
111BGCAER,2016-07-26T07:00:00Z,81,75,100,75,75,8292877,111BGCAER
106YJCENT,2016-07-28T07:00:00Z,89,75,100,91.67,87.5,8243832,106YJCENT
106WER016,2016-08-03T07:00:00Z,91,100,100,75,87.5,8234604,106WER016
518RCNAPC,2016-08-03T07:00:00Z,84,66.67,100,83.33,87.5,2772712,518RCNAPC
526PS1868,2016-08-09T07:00:00Z,82,58.33,100,83.33,87.5,7928597,526PS1868
526PS0396,2016-08-10T07:00:00Z,89,63.89,93.29,100,100,7928593,526PS0396
514WS0083,2016-08-15T07:00:00Z,79,83.33,93.29,75,62.5,14982152,514WS0083
635PCNA89,2016-08-16T07:00:00Z,80,75,93.29,75,75,8933718,635PCNA89
113NC0028,2016-08-23T07:00:00Z,91,91.67,100,83.33,87.5,2665959,113NC0028
113NC0388,2016-08-29T07:00:00Z,75,80.56,93.29,75,50,2662149,113NC0388
111NC0351,2016-08-30T07:00:00Z,85,83.33,93.29,75,87.5,8287372,111NC0351
106PS0206,2016-08-31T07:00:00Z,86,83.33,100,75,87.5,8246052,106PS0206
112NC0349,2016-08-31T07:00:00Z,71,38.89,93.29,75,75,2544451,112NC0349
521PS0161,2016-09-06T07:00:00Z,80,75,93.29,75,75,2770154,521PS0161
509WS0405,2016-09-07T07:00:00Z,79,72.22,93.29,75,75,8021334,509WS0405
106NC0023,2016-09-13T07:00:00Z,78,50,100,75,87.5,8241984,106NC0023
509ACNFPP,2016-09-19T07:00:00Z,85,80.56,100,83.33,75,8020454,509ACNFPP
526PS1724,2016-09-21T07:00:00Z,77,69.44,90.29,75,75,7952260,526PS1724
632BGV003,2016-09-27T07:00:00Z,79,58.33,93.29,100,62.5,8923083,632BGV003
536RCCACR,2016-09-28T07:00:00Z,81,75,100,75,75,17076389,536RCCACR
518RCAJNC,2016-10-04T07:00:00Z,87,66.67,93.29,100,87.5,2773540,518RCAJNC
635PS0194,2016-10-05T07:00:00Z,77,77.78,78.5,75,75,8934064,635PS0194
909M24937,2016-06-22T07:00:00Z,75,47.22,100,91.67,62.5,20333036,909M24937
909M24925,2016-05-10T07:00:00Z,89,80.56,100,75,100,20334440,909M24925
909WE0662,2016-05-10T07:00:00Z,82,77.78,100,75,75,20332896,909WE0662
204AHOACR,2016-06-28T07:00:00Z,86,61.11,100,83.33,100,2809859,204AHOACR
201MRS020,2016-07-13T07:00:00Z,78,77.78,93.29,66.67,75,5330517,201MRS020
514PS0162,2016-07-19T07:00:00Z,83,72.22,90.29,83.33,87.5,14982062,514PS0162
902M20173,2016-06-04T07:00:00Z,75,77.78,100,58.33,62.5,22549103,902M20173
902WE0888,2016-06-06T07:00:00Z,69,69.44,85.38,58.33,62.5,22548347,902WE0888
903M20165,2016-07-06T07:00:00Z,72,66.67,80.63,66.67,75,948070417,903M20165
903M20166,2016-05-02T07:00:00Z,61,55.56,75,75,37.5,20342531,903M20166
907M23327,2016-09-22T07:00:00Z,59,63.89,48.92,50,75,20332972,907M23327
907M23330,2016-06-09T07:00:00Z,75,55.56,100,83.33,62.5,20330036,907M23330
907M23331,2016-06-08T07:00:00Z,57,52.78,75,50,50,20332970,907M23331
845PS0011,2016-05-19T07:00:00Z,40,25,67.67,41.67,25,22525749,845PS0011
845M10601,2016-05-19T07:00:00Z,58,41.67,55.17,83.33,50,22527365,845M10601
801M12641,2016-05-19T07:00:00Z,29,33.33,25,33.33,25,20355352,801M12641
801M12649,2016-05-11T07:00:00Z,53,41.67,67.67,66.67,37.5,20355380,801M12649
801M12644,2016-04-28T07:00:00Z,29,25,25,41.67,25,22563124,801M12644
SMC00105,2016-04-28T07:00:00Z,82,66.67,90.29,83.33,87.5,22561260,SMC00105
SMC00206,2016-05-17T07:00:00Z,83,94.44,86.42,75,75,20350529,SMC00206
901M14126,2016-05-17T07:00:00Z,71,66.67,93.29,75,50,20348695,901M14126
901M14134,2016-04-25T07:00:00Z,75,69.44,93.29,75,62.5,20348435,901M14134
801M16916,2016-05-25T07:00:00Z,67,58.33,100,58.33,50,22560452,801M16916
603PS0073,2016-08-30T07:00:00Z,84,72.22,100,75,87.5,20272507,603PS0073
801M16908,2016-05-24T07:00:00Z,66,55.56,93.29,66.67,50,22560628,801M16908
SMC00873,2016-04-25T07:00:00Z,75,58.33,90.29,75,75,20348415,SMC00873
403M05780,2016-05-26T07:00:00Z,68,72.22,96.54,41.67,62.5,17569783,403M05780
404M07357,2016-06-13T07:00:00Z,81,86.11,96.54,66.67,75,20365153,404M07357
404M07354,2016-06-16T07:00:00Z,27,25,25,33.33,25,20365205,404M07354
403M05774,2016-06-22T07:00:00Z,74,66.67,90.29,75,62.5,17574585,403M05774
519PS0817,2016-07-19T07:00:00Z,37,27.78,25,58.33,37.5,15036577,519PS0817
801STW085,2016-06-08T07:00:00Z,29,25,25,41.67,25,22557960,SMCR8_085
801STW207,2016-06-16T07:00:00Z,57,36.11,45.42,83.33,62.5,22560402,801STW207
404M04599,2016-08-03T07:00:00Z,88,80.56,100,83.33,87.5,20365005,404M04599
801STW258,2016-06-09T07:00:00Z,55,66.67,35.75,66.67,50,22556328,801STW258
801CYC398,2016-06-09T07:00:00Z,69,69.44,48.92,83.33,75,22555802,801CYC398
ME-VR2,2016-07-19T07:00:00Z,72,77.78,73.25,75,62.5,948070372,ME-VR2
ME-CC,2016-07-12T07:00:00Z,61,75,75,58.33,37.5,17562626,ME-CC
405CE0280,2016-06-09T07:00:00Z,82,61.11,93.29,100,75,22522879,405CE0280
403M01522,2016-06-29T07:00:00Z,70,77.78,86.42,66.67,50,17574677,403M01522
408M03027,2016-06-29T07:00:00Z,74,86.11,90.29,58.33,62.5,948070330,408M03027
SMC00271,2016-06-22T07:00:00Z,78,69.44,93.29,100,50,17568061,403M01539
408M03036,2016-06-20T07:00:00Z,50,50,73.25,50,25,17562610,408M03036
408BA0660,2016-06-20T07:00:00Z,76,75,80.63,75,75,17563970,408BA0660
403M01500,2016-06-15T07:00:00Z,39,25,62.5,41.67,25,17573685,403M01500
403M01528,2016-06-15T07:00:00Z,66,58.33,90.29,66.67,50,17573685,403M01528
SMC00324,2016-06-15T07:00:00Z,68,63.89,93.29,66.67,50,17573681,ME-SCR
402M00015,2016-06-06T07:00:00Z,76,80.56,86.42,75,62.5,948070366,402M00015
402M00029,2016-06-06T07:00:00Z,67,61.11,82.92,75,50,17587720,402M00029
801WE1008,2016-06-29T07:00:00Z,86,69.44,100,100,75,22558750,801WE1008
801M15378,2016-06-16T07:00:00Z,78,52.78,93.29,91.67,75,22557786,801M15378
801M15414,2016-06-15T07:00:00Z,88,88.89,100,100,62.5,22555238,801M15414
801M15424,2016-06-14T07:00:00Z,27,25,25,33.33,25,22563070,801M15424
SGUT503,2016-06-11T07:00:00Z,81,63.89,93.29,91.67,75,22522647,SGUT503
405PS0036,2016-07-11T07:00:00Z,85,86.11,90.29,75,87.5,22522825,405PS0036
SMC01278,2016-06-23T07:00:00Z,36,25,62.5,33.33,25,22524991,SMC01278
SGUR00428,2016-06-01T07:00:00Z,78,69.44,93.29,75,75,22520983,SMC00428
SGLT512,2016-08-19T07:00:00Z,54,55.56,85.38,50,25,22521723,SGLT512
412M08622,2016-06-21T07:00:00Z,77,52.78,93.29,75,87.5,22514928,412M08622
SMC01544,2016-06-14T07:00:00Z,85,77.78,90.29,83.33,87.5,22515726,SMC01544
SMC00520,2016-06-14T07:00:00Z,76,63.89,82.92,83.33,75,22514494,SMC00520
SMC01096,2016-06-14T07:00:00Z,84,88.89,90.29,83.33,75,22514578,SMC01096
412WE0552,2016-06-08T07:00:00Z,75,69.44,93.29,75,62.5,22514712,412WE0552
412M08616,2016-06-02T07:00:00Z,34,25,62.5,25,25,22514934,412M08616
SMC00924,2016-06-08T07:00:00Z,84,63.89,93.29,91.67,87.5,22514774,SMC00924
412S04204,2016-06-07T07:00:00Z,76,58.33,93.29,91.67,62.5,22514858,412S04204
403STC064,2016-06-08T07:00:00Z,83,80.56,100,75,75,17567965,403STC064
403WE1027,2016-06-09T07:00:00Z,82,55.56,100,83.33,87.5,17567207,403WE1027
519PS0790,2016-06-15T07:00:00Z,35,50,25,41.67,25,948021135,519PS0790
412PS0020,2016-06-02T07:00:00Z,34,25,62.5,25,25,22515828,412PS0020
305PS0034,2008-06-24T07:00:00Z,69,69,67,75,63,17665507,305PS0034
304PS0018,2008-07-02T07:00:00Z,81,69,96,83,75,17682662,304PS0018
309PS0040,2008-06-16T07:00:00Z,66,67,83,75,38,948060378,309PS0040
304PS0006,2008-06-12T07:00:00Z,69,75,79,58,63,17684370,304PS0006
520PS0054,2008-06-30T07:00:00Z,55,33,75,75,38,1679607,520PS0054
504PS0051,2008-07-01T07:00:00Z,86,97,83,75,88,12068246,504PS0051
519PS0134,2008-07-28T07:00:00Z,51,42,63,50,50,15040375,519PS0134
520PS0007,2008-08-29T07:00:00Z,61,50,67,75,50,1678799,520PS0007
113PS0012,2008-06-11T07:00:00Z,96,100,100,83,100,2664261,113PS0012
511PS0081,2008-07-28T07:00:00Z,49,44,63,50,38,15035585,511PS0081
408PS0032,2008-06-05T07:00:00Z,61,64,67,75,38,17562626,408M03020
412PS0040,2008-06-04T07:00:00Z,31,25,25,50,25,22515806,412PS0040
412PS0052,2008-06-04T07:00:00Z,37,25,63,33,25,22514854,412PS0052
412PS0020,2008-06-04T07:00:00Z,33,25,25,58,25,22515828,412PS0020
904PS0034,2008-06-03T07:00:00Z,66,61,63,75,63,20341975,904PS0034
541PS0055,2008-08-09T07:00:00Z,62,33,92,83,38,19771435,541PS0055
905PS0026,2008-08-20T07:00:00Z,77,58,92,83,75,20330878,905PS0026
901PS0057,2008-06-04T07:00:00Z,64,67,38,75,75,20350529,901PS0057
845PS0011,2008-06-04T07:00:00Z,38,28,67,33,25,22525749,845PS0011
402PS0048,2008-06-05T07:00:00Z,86,53,100,92,100,17585696,402PS0048
519PS0002,2008-08-25T07:00:00Z,35,25,38,50,25,15022587,519PS0002
636PS0006,2008-08-26T07:00:00Z,88,75,100,100,75,8933174,636PS0006
105PS0188,2008-09-09T07:00:00Z,61,39,83,83,38,3917226,105PS0188
513PS0008,2008-09-04T07:00:00Z,80,69,92,83,75,8009249,513PS0008
526PS0228,2008-09-10T07:00:00Z,58,31,83,67,50,7925595,526PS0228
105PS0028,2008-09-08T07:00:00Z,75,58,92,75,75,948010238,105PS0028
105PS0092,2008-09-09T07:00:00Z,65,36,92,67,63,8265412,105PS0092
111PS0057,2008-08-18T07:00:00Z,94,100,92,83,100,2705647,111PS0057
111PS0013,2008-08-19T07:00:00Z,92,67,100,100,100,2705873,111PS0013
633PS0003,2008-08-04T07:00:00Z,93,83,100,100,88,8922399,633PS0003
506PS0003,2008-09-09T07:00:00Z,97,89,100,100,100,7965555,506PS0003
526PS0220,2008-09-10T07:00:00Z,87,81,92,100,75,7948472,526PS0220
526PS0072,2008-09-10T07:00:00Z,87,81,100,92,75,7930381,526PS0072
526PS0072,2008-09-09T07:00:00Z,83,75,100,92,63,7930381,526PS0072
514PS0084,2008-07-29T07:00:00Z,67,67,63,75,63,15022243,514PS0084
554PS0224,2008-08-10T07:00:00Z,92,75,100,92,100,14940906,554PS0224
554PS0160,2008-08-10T07:00:00Z,94,86,100,100,88,14964081,554PS0160
204PS0038,2008-07-28T07:00:00Z,48,44,63,58,25,2804921,204PS0038
514PS0019,2008-08-27T07:00:00Z,85,75,100,75,88,14981682,514PS0019
518PS0001,2008-09-03T07:00:00Z,94,83,100,92,100,2775964,518PS0001
520PS0071,2008-09-02T07:00:00Z,36,53,25,42,25,1678539,520PS0071
552PS0028,2008-08-11T07:00:00Z,79,58,92,92,75,22050603,552PS0028
516PS0014,2008-08-26T07:00:00Z,72,50,92,83,63,15014513,516PS0014
603PS0008,2008-08-07T07:00:00Z,96,83,100,100,100,20276155,603PS0008
631PS0001,2008-08-27T07:00:00Z,84,78,100,83,75,10744612,631MCK001
555PS0064,2008-08-12T07:00:00Z,81,67,92,75,88,14930319,555PS0064
603PS0109,2008-08-06T07:00:00Z,83,75,83,100,75,20266773,603PS0109
631PS0001,2008-08-05T07:00:00Z,88,69,100,83,100,10744612,631MCK001
540PS0008,2008-08-11T07:00:00Z,75,81,100,67,50,17116199,540PS0008
504PS0019,2008-06-30T07:00:00Z,58,58,75,50,50,12076108,504PS0019
106PS0051,2008-10-08T07:00:00Z,76,58,100,83,63,8242694,106PS0051
111PS0008,2008-10-06T07:00:00Z,83,69,96,92,75,8303686,111PS0008
107PS0021,2008-10-07T07:00:00Z,97,89,100,100,100,8315591,107PS0021
106PS0022,2008-10-14T07:00:00Z,97,89,100,100,100,8232312,106PS0022
111PS0060,2008-10-15T07:00:00Z,88,61,100,92,100,8292809,111PS0060
111PS0008,2008-10-13T07:00:00Z,81,86,83,92,63,8303686,111PS0008
518PS0001,2008-10-06T07:00:00Z,99,97,100,100,100,2775964,518PS0001
518PS0017,2008-10-07T07:00:00Z,89,72,100,83,100,8037191,518PS0017
506PS0062,2008-10-08T07:00:00Z,97,86,100,100,100,7965681,506PS0062
307PS0028,2008-11-06T08:00:00Z,89,97,88,83,88,17600701,307PS0028
519PS0002,2008-07-01T07:00:00Z,28,36,25,25,25,15022587,519PS0002
506PS0003,2008-07-17T07:00:00Z,91,92,100,83,88,7965555,506PS0003
801PS0019,2008-12-18T08:00:00Z,89,92,92,83,88,22557852,801PS0019
911M24926,2016-03-23T07:00:00Z,82,75,96.54,83.33,75,20325559,911M24926
907M23348,2016-06-17T07:00:00Z,32,30.56,28.96,41.67,25,20331482,907M23348
902M18865,2016-05-05T07:00:00Z,54,41.67,71.38,66.67,37.5,22548275,902M18865
904M21729,2016-06-14T07:00:00Z,71,66.67,87.5,66.67,62.5,20341969,904M21729
403R4S137,2016-05-31T07:00:00Z,36,25,37.5,58.33,25,17574407,403R4S137
403R4S211,2016-05-03T07:00:00Z,70,66.67,90.29,50,75,17569947,403R4S211
403R4S117,2016-05-03T07:00:00Z,70,75,82.92,58.33,62.5,17572289,403R4S117
905M21725,2016-05-17T07:00:00Z,75,86.11,90.29,75,50,20328662,905M21725
905M21737,2016-05-17T07:00:00Z,82,72.22,100,66.67,87.5,20329184,905M21737
905PS0026,2016-05-05T07:00:00Z,86,77.78,100,91.67,75,20330878,905PS0026
404R4S056,2016-05-04T07:00:00Z,75,75,71.38,66.67,87.5,20365165,404R4S056
404R4S001,2016-05-05T07:00:00Z,80,58.33,90.29,83.33,87.5,20364781,404R4S001
403WE0534,2016-05-23T07:00:00Z,79,75,93.29,58.33,87.5,17569679,403WE0534
403WE1021,2016-05-23T07:00:00Z,74,61.11,85.38,75,75,17569571,403WE1021
403CE0156,2016-05-24T07:00:00Z,85,69.44,86.42,83.33,100,17572919,403CE0156
403WE0535,2016-05-24T07:00:00Z,70,63.89,82.92,83.33,50,17574539,403WE0535
403CE0188,2016-05-26T07:00:00Z,42,63.89,25,41.67,37.5,17573663,403CE0188
403R4S193,2016-05-24T07:00:00Z,72,77.78,62.5,58.33,87.5,17574677,403R4S193
403BA0136,2016-05-25T07:00:00Z,69,66.67,79.75,66.67,62.5,17570387,403BA0136
403WE0682,2016-05-25T07:00:00Z,64,58.33,75,58.33,62.5,17569981,403WE0682
312NPPCBR,2016-06-09T07:00:00Z,77,69.44,93.29,83.33,62.5,17632482,312NPPCBR
309SLCAAS,2016-06-20T07:00:00Z,85,80.56,100,83.33,75,8205363,309SLCAAS
526PS0076,2008-09-10T07:00:00Z,92,67,100,100,100,7929215,526PS0076
505PS0156,2008-09-09T07:00:00Z,94,92,100,83,100,7962113,505PS0156
105PS0028,2008-09-08T07:00:00Z,72,58,92,75,63,948010238,105PS0028
511PS0145,2008-07-01T07:00:00Z,77,89,63,67,88,15042589,511PS0145
412PS0020,2008-08-05T07:00:00Z,36,25,50,42,25,22515828,412PS0020
626PS0171,2008-06-13T07:00:00Z,81,61,100,75,88,22681948,626PS0171
845PS0011,2008-08-05T07:00:00Z,30,36,25,33,25,22525749,845PS0011
513PS0008,2008-12-22T08:00:00Z,93,92,100,92,88,8009249,513PS0008
520PS0007,2008-07-16T07:00:00Z,62,64,75,58,50,1678799,520PS0007
405PS0030,2008-06-12T07:00:00Z,64,33,83,75,63,22522855,405PS0030
513PS0024,2008-07-07T07:00:00Z,73,53,92,83,63,8007663,513PS0024
405PS0036,2008-06-11T07:00:00Z,81,72,100,75,75,22522825,405PS0036
628PS0527,2009-06-17T07:00:00Z,84,72,100,75,88,22660107,628PS0527
531PS0169,2009-06-18T07:00:00Z,50,56,63,42,38,2975408,531PS0169
722PS0535,2009-06-16T07:00:00Z,78,56,100,92,63,22595319,722PS0535
305PS0057,2009-07-01T07:00:00Z,74,78,79,75,63,17663049,305PS0057
305PS0061,2009-06-30T07:00:00Z,71,69,75,75,63,17661321,305PS0061
205PS0045,2009-06-30T07:00:00Z,62,67,46,83,50,17695691,205PS0045
SMC01606,2009-05-26T07:00:00Z,44,31,79,42,25,20331408,SMC01606
SMC01909,2009-06-08T07:00:00Z,69,69,83,75,50,20341649,SMC01909
SMC04054,2009-05-24T07:00:00Z,80,69,79,83,88,20331414,SMC04054
SMC00710,2009-05-19T07:00:00Z,75,75,83,67,75,20331322,SMC00710
SMC00282,2009-06-09T07:00:00Z,78,61,100,75,75,20332896,909S00282
SMC00457,2009-06-04T07:00:00Z,96,100,100,83,100,20342525,SMC00457
SMC00473,2009-06-03T07:00:00Z,75,69,79,75,75,20329176,SMC00473
SMC00729,2009-06-03T07:00:00Z,68,67,75,67,63,20341931,SMC00729
518PS0033,2009-07-15T07:00:00Z,91,83,100,92,88,8028358,518PS0033
SMC01258,2009-05-27T07:00:00Z,76,75,79,75,75,948070399,SMC01258
518PS0029,2009-07-15T07:00:00Z,85,81,100,83,75,8027104,518PS0029
SMC01717,2009-05-28T07:00:00Z,90,86,92,83,100,20341551,SMC01717
577PS0122,2009-07-14T07:00:00Z,80,69,92,83,75,948020790,NA
307PS0044,2009-07-01T07:00:00Z,76,78,92,58,75,17599355,307PS0044
SMC02006,2009-05-26T07:00:00Z,37,28,63,33,25,20333004,SMC02006
SMC01046,2009-05-21T07:00:00Z,69,81,63,67,63,20331476,SMC01046
SMC01990,2009-05-21T07:00:00Z,69,78,63,58,75,20331470,SMC01990
SMC00153,2009-06-08T07:00:00Z,72,69,79,75,63,20342539,SMC00153
SMC01158,2009-05-20T07:00:00Z,65,75,79,67,38,20331138,SMC01158
SMC00198,2009-05-20T07:00:00Z,87,89,96,75,88,20331208,SMC00198
309PS0043,2009-07-02T07:00:00Z,75,64,92,67,75,8212889,309PS0043
504PS0243,2009-07-07T07:00:00Z,84,81,92,75,88,12068180,504PS0243
504PS0083,2009-07-09T07:00:00Z,67,39,100,67,63,12068806,504PS0083
513PS0008,2009-07-08T07:00:00Z,88,83,100,92,75,8009249,513PS0008
SGUT504,2009-06-16T07:00:00Z,74,56,100,75,63,22522845,SGUT504
520PS0202,2009-07-09T07:00:00Z,65,58,92,58,50,2849683,520PS0202
SGLT506,2009-06-17T07:00:00Z,58,56,67,58,50,22524847,SGLT506
SGUT501,2009-06-16T07:00:00Z,83,69,100,75,88,22524629,SGUT501
LALT502,2009-06-22T07:00:00Z,47,36,67,58,25,22518272,LALT502
LALT503,2009-06-23T07:00:00Z,37,25,63,33,25,22514962,LALT503
LALT501,2009-06-22T07:00:00Z,39,25,63,42,25,22515822,LALT501
Site 7,2009-06-15T07:00:00Z,69,75,75,50,75,22515822,Site 7
Site 6,2009-06-15T07:00:00Z,85,81,96,75,88,948070459,Site 6
Site 19,2009-06-24T07:00:00Z,37,25,63,33,25,20366297,Site 19
SMC04748,2009-07-02T07:00:00Z,79,72,100,67,75,17574649,SMC04748
SMC17056,2009-07-02T07:00:00Z,69,64,100,50,63,17574541,SMC17056
SMC06926,2009-07-01T07:00:00Z,42,44,67,33,25,20365905,SMC06926
SMC01384,2009-07-27T07:00:00Z,83,89,83,83,75,20365093,SMC01384
SMC01278,2009-06-17T07:00:00Z,37,25,63,33,25,22524991,SMC01278
SMC09534,2009-06-17T07:00:00Z,39,25,63,42,25,22525157,SMC09534
526PS0440,2009-09-09T07:00:00Z,82,78,83,92,75,7929585,526PS0440
526PS0344,2009-09-10T07:00:00Z,66,42,92,67,63,7926449,526PS0344
526PS0396,2009-09-09T07:00:00Z,86,81,83,92,88,7928593,526PS0396
526PS0504,2009-09-09T07:00:00Z,93,83,100,100,88,7930047,526PS0504
105PS0468,2009-09-08T07:00:00Z,92,67,100,100,100,2556363,105PS0468
527PS0388,2009-09-07T07:00:00Z,88,75,100,100,75,7918127,527PS0388
113PS0100,2009-09-03T07:00:00Z,90,83,100,100,75,2664095,113PS0100
111PS0095,2009-09-03T07:00:00Z,91,89,100,100,75,8288634,111PS0095
105PS0067,2009-09-02T07:00:00Z,88,100,92,83,75,8258279,105PS0067
526PS0072,2009-09-17T07:00:00Z,83,75,100,83,75,7930381,526PS0072
106PS0106,2009-09-01T07:00:00Z,90,100,92,92,75,8244186,106PS0106
105PS0090,2009-09-02T07:00:00Z,83,50,100,92,88,8258405,105PS0090
106PS0078,2009-08-31T07:00:00Z,77,64,92,75,75,8232714,106PS0078
105PS0083,2009-09-01T07:00:00Z,84,81,100,92,63,8257681,105PS0083
506PS0003,2009-08-18T07:00:00Z,95,100,100,92,88,7965555,506PS0003
526PS0356,2009-08-19T07:00:00Z,71,47,92,83,63,7925595,526PS0356
517PS0030,2009-08-05T07:00:00Z,83,83,92,83,75,8064075,517PS0030
519PS0002,2009-08-04T07:00:00Z,37,56,33,33,25,15022587,519PS0002
SMC00288,2009-06-18T07:00:00Z,69,56,71,75,75,22524733,SMC00288
SMC02656,2009-06-23T07:00:00Z,37,25,63,33,25,22523199,SMC02656
SMC01172,2009-06-25T07:00:00Z,79,78,100,75,63,20365083,SMC01172
SGUT505,2009-06-30T07:00:00Z,69,61,100,75,38,22524699,SGUT505
SMC05109,2009-06-23T07:00:00Z,73,97,88,42,63,22548249,SMC05109
511PS0209,2009-07-30T07:00:00Z,56,47,79,58,38,15047817,511PS0209
519PS0198,2009-07-30T07:00:00Z,59,47,79,58,50,15040775,519PS0198
535PS0221,2009-07-29T07:00:00Z,67,86,67,50,63,2823920,535PS0221
535PS0191,2009-07-29T07:00:00Z,57,58,83,50,38,19777327,535PS0191
111PS0110,2009-07-08T07:00:00Z,89,83,100,83,88,8308814,111PS0110
504PS0227,2009-08-20T07:00:00Z,93,92,92,100,88,12075398,504PS0227
520PS0135,2009-08-20T07:00:00Z,71,83,63,75,63,1678663,520PS0135
105PS0069,2009-08-26T07:00:00Z,96,100,100,83,100,4441596,105PS0069
114PS0088,2009-08-25T07:00:00Z,83,78,96,83,75,8270989,114PS0088
513PS0088,2009-08-27T07:00:00Z,81,81,100,67,75,8009071,513PS0088
113PS0084,2009-08-25T07:00:00Z,89,97,100,83,75,2663891,113PS0084
535PS0265,2009-08-24T07:00:00Z,80,69,92,83,75,2823880,535PS0265
504PS0238,2009-08-20T07:00:00Z,79,78,79,83,75,12071480,504PS0238
635PS0018,2009-08-05T07:00:00Z,72,67,96,75,50,8934070,635PS0018
636PS0010,2009-08-05T07:00:00Z,87,72,100,100,75,8933312,636PS0010
105PS0097,2009-09-18T07:00:00Z,90,86,100,100,75,4439186,105PS0097
105PS0107,2009-09-18T07:00:00Z,83,75,100,83,75,3798105,105PS0107
631PS0011,2009-08-11T07:00:00Z,83,72,100,83,75,10744454,631PS0011
634PS0019,2009-08-12T07:00:00Z,88,92,96,100,63,8944555,634PS0019
534PS0043,2009-08-10T07:00:00Z,75,50,100,75,75,343391,534PS0043
206PS0054,2009-06-29T07:00:00Z,67,78,67,58,63,1671493,206PS0054
519PS0253,2009-08-04T07:00:00Z,62,83,75,50,38,15022491,519PS0253
631PS0023,2009-08-23T07:00:00Z,78,50,100,100,63,10744302,631PS0023
518PS0045,2009-08-06T07:00:00Z,90,92,100,92,75,8027402,518PS0045
631PS0001,2009-08-11T07:00:00Z,82,81,100,83,63,10744612,631MCK001
632PS0014,2009-08-12T07:00:00Z,79,56,100,83,75,8923193,632PS0014
404S22464,2009-05-19T07:00:00Z,56,69,54,50,50,20364891,404S22464
405WER318,2009-07-07T07:00:00Z,86,56,100,100,88,22522773,405WER318
403S00772,2009-05-20T07:00:00Z,63,36,79,75,63,17574807,403S00772
801WE1132,2009-07-08T07:00:00Z,88,78,100,75,100,22559686,801WE1132
911NCPCR2,2009-07-09T07:00:00Z,72,44,92,75,75,20324991,911NCPCR2
534CYCANB,2009-07-14T07:00:00Z,83,61,100,83,88,344215,534CYCANB
205COY140,2009-07-14T07:00:00Z,70,44,92,67,75,17694083,205COY140
202BUT050,2009-07-15T07:00:00Z,92,97,100,83,88,17688205,202BUT050
202SPE090,2009-07-16T07:00:00Z,69,78,92,67,38,17687393,202SPE090
201LAG380,2009-07-28T07:00:00Z,82,53,100,100,75,5330451,201LAG380
206SON300,2009-07-28T07:00:00Z,73,61,88,67,75,1670131,206SON300
518RCNAPC,2009-07-29T07:00:00Z,92,67,100,100,100,2772712,518RCNAPC
633WIL001,2009-08-03T07:00:00Z,87,78,100,83,88,8922467,633WIL001
513UNCAKC,2009-08-13T07:00:00Z,79,69,88,83,75,8005953,513UNCAKC
310LPCBPC,2009-08-20T07:00:00Z,79,58,100,83,75,8192731,310LPCBPC
404BA1166,2009-08-20T07:00:00Z,79,67,92,83,75,20365911,404BA1166
518PS0029,2009-08-31T07:00:00Z,89,86,100,83,88,8027104,518PS0029
531PS0169,2009-08-31T07:00:00Z,45,53,67,33,25,2975408,531PS0169
509BCCBPW,2009-08-31T07:00:00Z,82,86,100,67,75,8022222,509BCCBPW
111BBRBCC,2009-10-27T07:00:00Z,88,78,100,75,100,8297465,111BBRBCC
111WER159,2009-11-12T08:00:00Z,72,67,100,58,63,8308468,111WER159
105PS0276,2009-11-10T08:00:00Z,69,47,100,92,38,2556977,105PS0276
523TMCATG,2009-11-11T08:00:00Z,79,58,100,83,75,7986165,523TMCATG
105PS0067,2009-11-12T08:00:00Z,78,78,92,67,75,8258279,105PS0067
519PS0194,2009-10-22T07:00:00Z,67,72,67,67,63,15022523,519PS0194
902S00117,2010-06-03T07:00:00Z,79,92,92,67,63,22548535,902S00117
910S06570,2010-06-01T07:00:00Z,80,86,83,75,75,20334508,910OTJMC5
504PS0371,2010-07-07T07:00:00Z,75,100,42,83,75,12070994,504PS0371
904S02585,2010-05-26T07:00:00Z,77,97,54,83,75,948070419,904CBSAM5
904S08089,2010-06-03T07:00:00Z,85,86,96,83,75,20341969,904S08089
902S02293,2010-06-02T07:00:00Z,85,81,96,75,88,22548449,902S02293
906S02246,2010-06-01T07:00:00Z,88,89,92,83,88,20331170,906S02246
907S02774,2010-05-27T07:00:00Z,30,28,25,42,25,20333052,907S02774
901S39498,2010-05-25T07:00:00Z,43,31,25,67,50,948070434,901S39498
SMC01049,2010-06-01T07:00:00Z,57,64,42,58,63,20341897,SMC01049
632NOB001,2010-09-08T07:00:00Z,83,72,100,83,75,8923157,632NOB001
SMC01201,2010-09-13T07:00:00Z,47,42,42,67,38,20328602,SMC01201
SMC01676,2010-07-13T07:00:00Z,76,69,92,67,75,17574585,SMC01676
SMC01372,2010-09-27T07:00:00Z,70,56,92,67,63,17574585,SMC01372
901S45253,2010-05-25T07:00:00Z,75,86,63,75,75,20350533,901S45253
911S00858,2010-06-08T07:00:00Z,89,69,100,100,88,20326313,911S00858
901S02873,2010-06-10T07:00:00Z,93,92,100,92,88,20348717,901S02873
901S01849,2010-06-10T07:00:00Z,95,100,100,92,88,20348657,901S01849
911S12262,2010-06-08T07:00:00Z,84,81,92,75,88,20326413,911S12262
901S02702,2010-06-16T07:00:00Z,73,78,63,75,75,20350539,901S02702
SMC01013,2010-06-24T07:00:00Z,74,75,83,75,63,22549073,SMC01013
539CCRARR,2010-07-26T07:00:00Z,79,69,92,67,88,17100087,539CCRARR
205PS0074,2010-07-20T07:00:00Z,70,94,63,58,63,17693217,205PS0074
SMC05702,2010-09-09T07:00:00Z,78,86,88,75,63,20331462,SMC05702
SMC06458,2010-06-06T07:00:00Z,32,36,25,42,25,20331590,SMC06458
SMC01814,2010-09-09T07:00:00Z,51,42,38,75,50,20341999,904S01814
SMC09286,2010-09-09T07:00:00Z,50,56,38,67,38,20331482,SMC09286
SMC06714,2010-06-06T07:00:00Z,63,50,75,75,50,20331588,SMC06714
SMC02457,2010-05-31T07:00:00Z,71,58,88,75,63,20342507,SMC02457
SMC00693,2010-05-31T07:00:00Z,86,89,92,75,88,20341661,SMC00693
SMC08250,2010-06-03T07:00:00Z,52,53,38,67,50,20331946,SMC08250
SMC32718,2010-06-03T07:00:00Z,80,86,100,83,50,20332828,SMC32718
SMC01962,2010-06-08T07:00:00Z,33,33,25,50,25,948070399,SMC01962
SMC01161,2010-05-27T07:00:00Z,84,78,100,83,75,22549095,SMC01161
SMC02933,2010-06-01T07:00:00Z,86,81,92,83,88,20341587,SMC02933
SMC09564,2010-07-12T07:00:00Z,66,69,88,58,50,17574541,SMC09564
SMC02152,2010-07-14T07:00:00Z,80,78,100,67,75,20364957,SMC02152
SMC02548,2010-09-27T07:00:00Z,79,67,92,92,63,20365905,SMC02548
SMC03944,2010-07-12T07:00:00Z,27,25,25,33,25,20365885,SMC03944
SMC04264,2010-07-09T07:00:00Z,66,50,75,75,63,20364815,SMC04264
504DCFRxx,2010-08-06T07:00:00Z,89,81,92,83,100,12068226,504DCFRxx
111CE0569,2010-08-03T07:00:00Z,80,81,100,75,63,8284792,111CE0569
SMC02976,2010-07-27T07:00:00Z,83,67,92,83,88,22524613,SMC02976
SMC16832,2010-06-18T07:00:00Z,37,25,63,33,25,22525157,SMC16832
SMC00446,2010-07-01T07:00:00Z,64,69,79,58,50,22521007,SMC00446
SMC20032,2010-06-18T07:00:00Z,37,25,63,33,25,22525157,SMC20032
403S06904,2010-06-09T07:00:00Z,62,53,79,67,50,17574677,403S06904
911TJWIL3,2011-06-02T07:00:00Z,89,83,100,83,88,20325305,911TJWIL3
901CSCADC,2011-06-01T07:00:00Z,87,92,100,92,63,20351599,901CSCADC
911S01142,2011-06-02T07:00:00Z,85,72,100,92,75,20325195,911S01142
901S04565,2011-05-31T07:00:00Z,98,92,100,100,100,20348767,901S04565
905S02561,2011-06-01T07:00:00Z,76,56,92,92,63,20330870,905S02561
901S06798,2011-05-19T07:00:00Z,78,69,92,75,75,20350539,901S06798
907S05514,2011-05-18T07:00:00Z,82,81,92,92,63,20332496,907S05514
907S03210,2011-05-18T07:00:00Z,90,81,92,100,88,20330038,907S03210
902S05173,2011-05-17T07:00:00Z,80,72,100,58,88,22548497,902S05173
901DCCSMC,2011-05-16T07:00:00Z,84,72,100,75,88,20351605,901DCCSMC
901S04309,2011-05-16T07:00:00Z,92,78,100,100,88,20351601,901S04309
901S06851,2011-06-16T07:00:00Z,42,36,38,42,50,20348813,901S06851
904S12185,2011-06-15T07:00:00Z,77,78,83,58,88,20341953,904S12185
519PS0278,2010-08-05T07:00:00Z,57,36,83,58,50,15040415,519PS0278
519PS0002,2010-08-05T07:00:00Z,30,36,25,33,25,15022587,519PS0002
631PS0001,2010-09-29T07:00:00Z,84,64,100,83,88,10744612,631MCK001
505PS0110,2010-09-16T07:00:00Z,84,72,100,75,88,7960911,505PS0110
526PS0072,2010-09-15T07:00:00Z,70,61,100,67,50,7930381,526PS0072
105PS0540,2010-09-15T07:00:00Z,72,58,100,67,63,8264738,105PS0540
509PS0049,2010-09-13T07:00:00Z,73,25,100,92,75,8020392,509PS0049
506PS0003,2010-09-14T07:00:00Z,82,78,100,75,75,7965555,506PS0003
513PS0008,2010-09-01T07:00:00Z,79,75,92,75,75,8009249,513PS0008
904S02201,2010-05-26T07:00:00Z,62,64,79,67,38,20341853,904S02201
902S02357,2010-06-02T07:00:00Z,92,100,96,83,88,22549107,902S02357
907S01610,2010-06-09T07:00:00Z,83,83,92,67,88,20332536,907S01610
907S46499,2010-06-09T07:00:00Z,72,89,92,58,50,20334398,907S46499
201MRS020,2010-10-28T07:00:00Z,90,89,100,83,88,5330517,201MRS020
504PS0295,2011-07-21T07:00:00Z,65,86,75,50,50,12076108,504PS0295
111FS0001,2011-07-20T07:00:00Z,84,92,100,67,75,8308998,111FS0001
111FS0008,2011-07-20T07:00:00Z,92,100,100,92,75,8309034,111FS0008
113PS0168,2011-07-19T07:00:00Z,83,83,100,75,75,8281673,113PS0168
114PS0145,2011-07-20T07:00:00Z,90,81,92,100,88,8270595,114PS0145
114PS0152,2011-07-18T07:00:00Z,71,69,71,67,75,8272771,114PS0152
206TUL120,2011-07-14T07:00:00Z,90,97,92,83,88,1669259,206TUL120
207PS0142,2011-07-13T07:00:00Z,41,47,58,33,25,2790323,207PS0142
204PS0102,2011-07-13T07:00:00Z,68,86,71,50,63,2803945,204PS0102
309PS0116,2011-07-12T07:00:00Z,86,89,83,83,88,8204319,309PS0116
531PS0429,2011-07-11T07:00:00Z,42,39,63,42,25,2819626,531PS0429
535PS0431,2011-07-12T07:00:00Z,53,47,75,50,38,19777355,535PS0431
205PS0106,2011-07-05T07:00:00Z,61,86,25,58,75,17695611,205PS0106
204PS0118,2011-07-07T07:00:00Z,73,92,54,83,63,2804621,204PS0118
202PS0134,2011-07-07T07:00:00Z,67,83,83,50,50,17688275,202PS0134
205PS0138,2011-07-06T07:00:00Z,57,78,63,50,38,17693219,205PS0138
403PRCAGH,2011-06-16T07:00:00Z,91,75,100,100,88,17569207,403PRCAGH
403STC086,2011-06-30T07:00:00Z,85,53,100,100,88,17567995,403STC086
802FMCAIP,2011-06-21T07:00:00Z,95,92,100,100,88,22535100,802FMCAIP
628PS1039,2011-06-23T07:00:00Z,82,56,100,83,88,22658633,628PS1039
628PS1019,2011-06-22T07:00:00Z,83,58,92,83,100,22658335,628PS1019
205PS0109,2011-07-06T07:00:00Z,79,83,63,83,88,17694189,205PS0109
403STC064,2011-07-29T07:00:00Z,95,100,100,92,88,17567965,403STC064
405BRCAMS,2011-06-28T07:00:00Z,89,92,100,75,88,22522723,405BRCAMS
515PS0430,2011-07-21T07:00:00Z,69,81,63,67,63,15069288,515PS0430
404S13416,2011-06-08T07:00:00Z,80,64,96,83,75,20364949,404S13416
404S13672,2011-06-08T07:00:00Z,75,56,92,75,75,20365093,404S13672
110SMCATH,2011-08-09T07:00:00Z,96,100,100,83,100,8317181,110SMCATH
403S01536,2011-07-12T07:00:00Z,64,61,75,58,63,17569981,403S01536
111RSCAER,2011-08-29T07:00:00Z,85,58,100,92,88,8294601,111RSCAER
403S01728,2011-07-13T07:00:00Z,82,78,96,67,88,17569947,403S01728
509PS0234,2011-08-26T07:00:00Z,84,92,92,75,75,8020458,509PS0234
526PS1036,2011-08-25T07:00:00Z,71,64,83,75,63,7923897,526PS1036
526PS0948,2011-08-25T07:00:00Z,67,64,83,58,63,7929909,526PS0948
105FS0425,2011-08-24T07:00:00Z,95,100,100,92,88,8257711,105FS0425
105PS0154,2011-08-23T07:00:00Z,73,61,92,75,63,8258357,105PS0154
106PS0166,2011-08-23T07:00:00Z,91,92,100,83,88,8241184,106PS0166
103RDCBCC,2011-08-18T07:00:00Z,97,100,100,100,88,22226612,103RDCBCC
103STCNSR,2011-08-17T07:00:00Z,80,56,100,75,88,22227560,103STCNSR
103WER030,2011-08-17T07:00:00Z,85,67,100,83,88,22227610,103WER030
110ECSLSF,2011-08-16T07:00:00Z,88,100,100,75,75,8317131,110ECSLSF
107RWCBHW,2011-08-16T07:00:00Z,89,92,100,100,63,8316099,107RWCBHW
106PS0173,2011-08-18T07:00:00Z,92,92,96,92,88,8234928,106PS0173
513PS0248,2011-09-12T07:00:00Z,86,81,100,75,88,8005717,513PS0248
111PS0160,2011-08-11T07:00:00Z,95,81,100,100,100,8306902,111PS0160
518PS0073,2011-08-31T07:00:00Z,85,75,92,83,88,8041647,518PS0073
523PS0172,2011-09-02T07:00:00Z,94,83,100,92,100,7985789,523PS0172
518SED086,2011-08-31T07:00:00Z,91,83,100,92,88,8036983,518SED086
308BGCxxx,2011-08-02T07:00:00Z,88,92,96,75,88,8189139,308BGC
308LSRASC,2011-08-03T07:00:00Z,91,92,100,83,88,8188811,308LSRASC
111HSCAER,2011-08-04T07:00:00Z,93,72,100,100,100,8305452,111HSCAER
111FS0007,2011-08-04T07:00:00Z,88,81,100,83,88,8308196,111FS0007
111PAL105,2011-08-08T07:00:00Z,89,83,100,83,88,8284780,111PAL105
403S02363,2011-06-16T07:00:00Z,92,86,100,92,88,17567953,403S02363
403S04868,2011-06-15T07:00:00Z,66,36,88,75,63,948070356,403S04868
403S02764,2011-06-14T07:00:00Z,65,47,83,67,63,17574353,403S02764
403S01136,2011-06-13T07:00:00Z,75,56,92,75,75,17572259,403S01136
404S16232,2011-06-09T07:00:00Z,68,61,79,67,63,20365889,404S16232
404S11880,2011-06-07T07:00:00Z,62,58,88,50,50,20364891,404S11880
553KRNAYC,2011-10-20T07:00:00Z,84,81,92,75,88,14917925,553KRNAYC
634PS0062,2011-10-26T07:00:00Z,85,58,100,92,88,8944513,634PS0062
536LLCACR,2011-10-19T07:00:00Z,85,81,100,83,75,17076301,536LLCACR
536SED108,2011-10-18T07:00:00Z,91,92,92,92,88,17081781,536SED108
532PS0071,2011-10-17T07:00:00Z,82,69,100,83,75,17055582,532PS0071
515PS0410,2011-10-14T07:00:00Z,68,75,75,58,63,15072912,515PS0410
634HHCATC,2011-10-25T07:00:00Z,87,61,100,100,88,8944545,634HHCATC
514BMCARC,2011-10-24T07:00:00Z,94,100,100,100,75,14981580,514BMCARC
634HID001,2011-10-25T07:00:00Z,82,78,100,75,75,8944521,634HID001
540GNCBTC,2011-10-12T07:00:00Z,91,83,100,92,88,17112885,540GNCBTC
534MLC108,2011-10-11T07:00:00Z,88,75,100,75,100,346855,534MLC108
537ADCH41,2011-10-04T07:00:00Z,87,72,100,75,100,21610265,537ADCH41
202BUT040,2011-07-08T07:00:00Z,87,92,100,92,63,17688195,202BUT040
540CQCBBR,2011-10-13T07:00:00Z,85,67,100,83,88,17113025,540CQCBBR
534RSCAGG,2011-10-11T07:00:00Z,71,58,83,67,75,343649,534RSCAGG
603PS0056,2011-09-28T07:00:00Z,85,61,100,92,88,20276725,603PS0056
509PS0085,2011-09-21T07:00:00Z,86,72,100,83,88,8020410,509PS0085
106FS0040,2011-09-20T07:00:00Z,87,83,100,75,88,8235250,106FS0040
509BSCADC,2011-09-22T07:00:00Z,93,100,100,83,88,8020764,509BSCADC_bad
509DRCBPC,2011-09-23T07:00:00Z,84,75,92,92,75,8020610,509DRCBPC
519PS0449,2011-09-26T07:00:00Z,58,61,79,42,50,15022523,519PS0449
308BGCxxx,2011-08-11T07:00:00Z,84,81,92,75,88,8189139,308BGC
507PS0314,2011-09-23T07:00:00Z,79,72,92,75,75,948020788,507PS0314
519PS0450,2011-09-26T07:00:00Z,76,83,83,50,88,15022317,519DRCAWA
514LNCASC,2011-09-27T07:00:00Z,90,72,100,100,88,14983378,514LNCASC
404S14952,2011-06-15T07:00:00Z,54,58,38,58,63,20364891,404S14952
404S18666,2011-06-15T07:00:00Z,54,56,38,58,63,20364695,404S18666
505PS0174,2011-10-27T07:00:00Z,90,81,100,92,88,7950742,505PS0174
505PS0940,2011-10-28T07:00:00Z,74,61,100,83,50,7960739,505PS0940
536SED006,2011-10-18T07:00:00Z,80,78,100,67,75,17081693,536SED006
514SBCAMR,2011-09-27T07:00:00Z,91,81,100,83,100,14982536,514SBCAMR
603PS0072,2011-09-29T07:00:00Z,72,56,83,75,75,20276563,603PS0072
554CLCALK,2011-09-13T07:00:00Z,83,83,100,75,75,14970699,554CLCALK
554SED027,2011-09-15T07:00:00Z,79,83,92,67,75,14971777,554SED027
554PMCABC,2011-09-15T07:00:00Z,76,61,92,75,75,14971713,554PMCABC
308LSRASC,2011-07-18T07:00:00Z,81,69,100,67,88,8188811,308LSRASC
632ELD001,2011-09-20T07:00:00Z,88,72,100,92,88,8924895,632ELD001
554PMCGWD,2011-09-14T07:00:00Z,83,75,100,83,75,14970909,554PMCGWD
554NYCGWD,2011-09-14T07:00:00Z,93,92,100,92,88,14971045,554NYCGWD
632MUR001,2011-09-20T07:00:00Z,81,75,100,75,75,8924913,632MUR001
552PS0284,2011-09-05T07:00:00Z,81,67,100,67,88,22050467,552PS0284
105WLCABC,2011-08-03T07:00:00Z,92,94,100,75,100,8257397,105WLCABC
554PS0946,2011-09-16T07:00:00Z,75,75,92,58,75,14961183,554PS0946
105FS0428,2011-08-03T07:00:00Z,88,78,100,100,75,8257421,105FS0428
204PS0102,2011-08-10T07:00:00Z,64,58,88,58,50,2803945,204PS0102
509PS0234,2011-08-15T07:00:00Z,81,72,100,75,75,8020458,509PS0234
109PS0162,2011-08-16T07:00:00Z,70,58,79,67,75,8316819,109PS0162
507PS0286,2011-08-16T07:00:00Z,66,72,100,42,50,2764564,507PS0286
508PS0298,2011-08-16T07:00:00Z,80,81,92,58,88,2494780,508PS0298
112PS0157,2011-08-17T07:00:00Z,83,56,96,92,88,2544631,112PS0157
111PS0169,2011-08-17T07:00:00Z,77,69,96,67,75,2703219,111PS0169
111PS0159,2011-08-17T07:00:00Z,80,78,100,67,75,8287442,111PS0159
114PS0152,2011-08-18T07:00:00Z,68,64,79,67,63,8272771,114PS0152
514LNCASC,2011-08-29T07:00:00Z,85,78,100,75,88,14983378,514LNCASC
514LNCASC,2011-08-30T07:00:00Z,85,61,100,92,88,14983378,514LNCASC
601PS0057,2011-09-13T07:00:00Z,75,56,100,67,75,20287322,601PS0057
601PS0065,2011-09-13T07:00:00Z,81,69,96,83,75,20287578,601PS0065
603PS0073,2011-09-13T07:00:00Z,93,78,100,92,100,20272507,603PS0073
603DDM006,2011-09-13T07:00:00Z,79,61,100,92,63,20272519,603DDM006
603PS0045,2011-09-14T07:00:00Z,76,69,96,75,63,20274379,603PS0045
603PS0044,2011-09-14T07:00:00Z,78,56,100,67,88,20277331,603PS0044
632PS0046,2011-09-19T07:00:00Z,71,58,96,67,63,8922785,632PS0046
632PS0058,2011-09-19T07:00:00Z,83,50,100,92,88,8923095,632PS0058
552PS0072,2011-10-04T07:00:00Z,83,67,100,75,88,22047753,552PS0072
540PS0258,2011-10-05T07:00:00Z,77,58,92,83,75,17116225,540PS0258
517PS0078,2011-10-10T07:00:00Z,75,81,92,75,50,8064195,517PS0078
516PS0287,2011-10-10T07:00:00Z,74,61,92,67,75,15012853,516PS0287
636PS0070,2012-01-11T08:00:00Z,75,58,100,67,75,8933152,636PS0070
517PS0074,2011-10-11T07:00:00Z,79,72,100,67,75,8058051,517PS0074
553KRNAYC,2011-10-13T07:00:00Z,86,75,100,67,100,14917925,553KRNAYC
532PS0071,2011-10-12T07:00:00Z,83,78,100,67,88,17055582,532PS0071
553KRMAPC,2011-10-13T07:00:00Z,71,53,100,67,63,14918241,553KRMAPC
SMC00080,2011-06-13T07:00:00Z,78,56,92,100,63,22514376,SMC00080
404ARRSEQ,2012-06-27T07:00:00Z,88,86,96,83,88,20365007,404ARRSEQ
628PS1179,2012-06-26T07:00:00Z,79,47,100,92,75,22658315,628PS1179
513PS0200,2012-07-30T07:00:00Z,81,69,92,75,88,8005871,513PS0200
113PS0196,2012-08-01T07:00:00Z,77,69,100,75,63,2662251,113PS0196
114CE0131,2012-07-31T07:00:00Z,81,58,92,100,75,8270719,114CE0131
113PS0076,2012-08-02T07:00:00Z,86,78,100,92,75,2666835,113PS0076
312DAVDAV,2012-06-28T07:00:00Z,80,78,83,83,75,17626357,312DAVDAV
314WE1102,2012-06-28T07:00:00Z,83,69,83,92,88,17609433,314WE1102
205PS0157,2012-07-10T07:00:00Z,81,92,75,83,75,948050175,205PS0157
205PS0170,2012-07-10T07:00:00Z,71,83,63,75,63,17694117,205PS0170
304PS0146,2012-07-11T07:00:00Z,25,25,25,25,25,17684382,304PS0146
519PS0534,2012-07-09T07:00:00Z,58,64,50,67,50,15022723,519PS0534
519PS0561,2012-07-09T07:00:00Z,47,42,63,33,50,15040511,519PS0561
205PS0173,2012-07-11T07:00:00Z,69,61,75,75,63,17694479,205PS0173
519PS0514,2012-07-16T07:00:00Z,67,81,75,50,63,15022315,519PS0514
531PS0573,2012-07-17T07:00:00Z,50,42,54,67,38,2821662,531PS0573
515PS0490,2012-07-18T07:00:00Z,64,78,83,58,38,7972061,515PS0490
207PS0150,2012-07-17T07:00:00Z,49,39,75,42,38,948050140,207PS0150
526PS1144,2012-08-22T07:00:00Z,69,47,83,83,63,7930567,526PS1144
527PS1156,2012-08-21T07:00:00Z,81,81,100,67,75,7918053,527PS1156
403S06283,2012-06-13T07:00:00Z,91,94,100,83,88,17569203,403S06283
403S07024,2012-06-13T07:00:00Z,75,67,92,67,75,17569679,403S07024
403S06660,2012-06-14T07:00:00Z,73,47,88,83,75,17574519,403S06660
105PS0193,2012-08-31T07:00:00Z,81,89,96,75,63,4438928,105PS0193
105PS0149,2012-08-29T07:00:00Z,65,36,83,67,75,4441788,105PS0149
102PS0177,2012-08-30T07:00:00Z,84,44,100,92,100,23945257,102PS0177
111PS0178,2012-08-28T07:00:00Z,89,83,100,83,88,2703063,111PS0178
108PS0197,2012-08-28T07:00:00Z,81,86,75,75,88,8315639,108PS0197
526WER123,2012-08-23T07:00:00Z,84,78,100,83,75,7929215,526WER123
103WER026,2012-08-30T07:00:00Z,94,94,100,92,88,22226750,103WER026
526PS1100,2012-08-23T07:00:00Z,81,78,92,92,63,7932109,526PS1100
603PS0092,2012-08-08T07:00:00Z,78,56,92,100,63,20276871,603PS0092
603PS1056,2012-08-07T07:00:00Z,77,56,100,100,50,20267009,603PS1056
603PS0108,2012-08-07T07:00:00Z,63,67,50,83,50,948090773,603PS0108
603PS0079,2012-08-09T07:00:00Z,68,42,83,83,63,20273689,603PS0079
603PS0076,2012-08-08T07:00:00Z,25,25,25,25,25,20277761,603PS0076
514PS0099,2012-08-15T07:00:00Z,77,47,92,92,75,14997245,514PS0099
516PS0324,2012-08-16T07:00:00Z,84,92,92,75,75,15012649,516PS0324
524PS0342,2012-08-14T07:00:00Z,83,81,92,83,75,2800691,524PS0342
524PS0394,2012-08-14T07:00:00Z,72,69,92,50,75,2782321,524CLCR2x
518PS0089,2012-08-15T07:00:00Z,25,25,25,25,25,948020987,518PS0089
634PS0099,2012-09-05T07:00:00Z,78,56,92,75,88,8943539,634PS0099
631PS0081,2012-09-13T07:00:00Z,71,53,92,75,63,10744570,631PS0081
534WER219,2012-09-12T07:00:00Z,87,75,100,83,88,346279,534WER219
631PS0087,2012-09-11T07:00:00Z,71,61,92,67,63,10742726,631PS0087
404S26670,2012-06-18T07:00:00Z,65,61,79,58,63,20364737,404S26670
404S28270,2012-06-18T07:00:00Z,69,58,88,67,63,20364801,404S28270
404S27470,2012-06-19T07:00:00Z,62,56,67,50,75,20364695,404S27470
404S31468,2012-06-19T07:00:00Z,50,25,50,75,50,20364695,404S31468
404S33670,2012-06-19T07:00:00Z,29,25,25,42,25,20364725,404S33670
404S35270,2012-06-20T07:00:00Z,59,56,79,50,50,20364891,404S35270
404S28068,2012-06-20T07:00:00Z,72,58,79,75,75,20364891,404S28068
631DEP001,2012-09-10T07:00:00Z,77,25,100,83,100,10744306,631DEP001
632DIX001,2012-09-19T07:00:00Z,79,67,100,75,75,8924127,632DIX001
632HOS002,2012-09-19T07:00:00Z,52,25,92,67,25,8922757,632HOS002
404S34120,2012-06-21T07:00:00Z,61,56,79,58,50,948070152,404S34120
404S26868,2012-06-26T07:00:00Z,69,75,92,58,50,20364949,404S26868
404S35418,2012-06-25T07:00:00Z,67,58,88,58,63,20365043,404S35418
404S32468,2012-06-26T07:00:00Z,70,39,92,75,75,20364957,404S32468
403S07227,2012-06-27T07:00:00Z,78,64,92,67,88,17567931,403S07227
403S06139,2012-06-27T07:00:00Z,81,69,92,75,88,17568009,403S06139
403S06315,2012-06-27T07:00:00Z,83,86,92,67,88,17567721,403S06315
404S25298,2012-06-20T07:00:00Z,84,61,92,83,100,20365167,404S25298
534PS0114,2012-09-18T07:00:00Z,78,81,100,67,63,342591,534PS0114
633PS0083,2012-09-20T07:00:00Z,82,69,92,92,75,8922825,633PS0083
633WCR003,2012-09-20T07:00:00Z,89,86,100,83,88,8922817,633WCR003
518PS0093,2012-09-26T07:00:00Z,89,92,92,83,88,8029316,518PS0093
636PS0086,2012-09-28T07:00:00Z,61,75,54,50,63,8933252,636PS0086
304PS0194,2012-07-18T07:00:00Z,91,89,100,75,100,17682654,304PS0194
509PS0334,2012-10-02T07:00:00Z,85,78,92,83,88,8020478,509PS0334
524PS0202,2012-10-02T07:00:00Z,81,81,88,67,88,2782657,524PS0202
307CE0094,2012-07-20T07:00:00Z,72,64,92,67,63,17601605,307CE0094
308SANWIL,2012-07-20T07:00:00Z,72,67,92,67,63,8188639,308SANWIL
309LAS1MI,2012-07-24T07:00:00Z,72,47,92,75,75,8203439,309LAS1MI
308LILPAL,2012-07-25T07:00:00Z,83,67,100,75,88,8188755,308LILPAL
308PS0156,2012-07-25T07:00:00Z,78,69,92,75,75,8188801,308PS0156
308ROCBBQ,2012-07-26T07:00:00Z,79,86,100,67,63,8188719,308ROCBBQ
514PS0351,2012-07-30T07:00:00Z,68,72,75,50,75,15007315,514PS0351
537PS0386,2012-08-08T07:00:00Z,85,64,92,83,100,21609893,537PS0386
536PS0107,2012-08-09T07:00:00Z,83,67,100,75,88,17074709,536PS0107
601PS0077,2012-08-13T07:00:00Z,88,92,92,92,75,20286400,601PS0077
630RBS005,2012-08-13T07:00:00Z,81,67,92,75,88,8915425,630RBS005
603PSx109,2012-08-14T07:00:00Z,67,58,79,67,63,20274255,603PSx109
601PRK002,2012-08-16T07:00:00Z,87,67,100,92,88,20287374,601PRK002
206PS0165,2012-08-21T07:00:00Z,68,78,79,50,63,1668207,206PS0165
114PS0149,2012-08-21T07:00:00Z,61,61,63,58,63,948010117,114PS0149
523PS0414,2012-09-20T07:00:00Z,84,78,100,83,75,7984215,523PS0414
105PS1148,2012-10-01T07:00:00Z,70,64,79,75,63,361981,105PS1148
522PS0430,2012-10-02T07:00:00Z,79,72,92,75,75,7994699,522PS0430
106PS0186,2012-10-03T07:00:00Z,83,75,100,83,75,8235108,106PS0186
105PS0195,2012-10-04T07:00:00Z,79,78,96,67,75,8258155,105PS0195
106PS0206,2012-10-03T07:00:00Z,81,75,92,67,88,8246052,106PS0206
SMC17692,2013-06-12T07:00:00Z,77,69.44,90.29,75,75,17574613,SMC17692
SMC20994,2013-06-17T07:00:00Z,28,27.78,25,33.33,25,20365909,SMC20994
SMC19466,2013-06-17T07:00:00Z,58,61.11,35.75,58.33,75,20364757,SMC19466
SMC21796,2013-06-14T07:00:00Z,29,33.33,25,33.33,25,20366113,SMC21796
SMC18656,2013-06-12T07:00:00Z,27,25,25,33.33,25,17574331,SMC18656
BVC-TWAS-1,2013-05-22T07:00:00Z,58,52.78,52.79,50,75,20341853,904CBBVR4
SDC-MLS,2013-05-14T07:00:00Z,36,36.11,25,58.33,25,20331892,NA
SLR-TWAS-1,2013-05-29T07:00:00Z,74,66.67,86.42,66.67,75,20341685,903SLSLR6
REF-DC,2013-06-30T07:00:00Z,79,66.67,100,75,75,20343105,SMC08965
SMC13062,2013-07-23T07:00:00Z,28,27.78,25,33.33,25,20331504,SMC13062
SMC02905,2013-07-09T07:00:00Z,61,50,80.63,75,37.5,20342513,SMC02905
SMC04294,2013-07-11T07:00:00Z,88,80.56,100,83.33,87.5,20331208,SMC04294
SMC23495,2013-07-16T07:00:00Z,63,63.89,80.63,58.33,50,20332998,SMC23495
SMC26694,2013-07-16T07:00:00Z,66,75,80.63,58.33,50,20332982,SMC26694
SMC04934,2013-07-12T07:00:00Z,72,75,86.42,75,50,20329180,SMC04934
SMC13402,2013-07-18T07:00:00Z,78,69.44,100,66.67,75,20325043,SMC13402
SMC03401,2013-07-08T07:00:00Z,70,69.44,80.63,66.67,62.5,22548347,SMC03401
SMC19552,2013-07-15T07:00:00Z,68,58.33,86.42,66.67,62.5,20331402,SMC19552
SMC04806,2013-07-11T07:00:00Z,57,52.78,86.42,50,37.5,20331318,SMC04806
SMC37632,2013-07-29T07:00:00Z,66,58.33,96.54,58.33,50,20334494,SMC37632
SMC01881,2013-07-09T07:00:00Z,64,55.56,90.29,58.33,50,20342539,SMC01881
SMC04441,2013-07-19T07:00:00Z,68,61.11,93.29,66.67,50,20341861,SMC04441
SMC12246,2013-07-23T07:00:00Z,84,91.67,93.29,75,75,20331398,SMC12246
SMC17918,2013-07-25T07:00:00Z,38,30.56,25,58.33,37.5,948070399,SMC17918
SMC21069,2013-06-11T07:00:00Z,70,88.89,78.5,75,37.5,22547073,SMC21069
SMC22521,2013-06-13T07:00:00Z,27,25,25,33.33,25,22563104,SMC22521
SMC21921,2013-06-13T07:00:00Z,27,25,25,33.33,25,22563104,SMC21921
SMC33179,2013-06-11T07:00:00Z,84,80.56,100,66.67,87.5,22549075,SMC33179
SGUT502,2013-07-01T07:00:00Z,84,80.56,93.29,100,62.5,22522881,SGUT502
SMC07828,2013-06-06T07:00:00Z,70,55.56,79.75,83.33,62.5,17563908,SMC07828
SMC05968,2013-07-01T07:00:00Z,82,69.44,90.29,91.67,75,22522855,SMC05968
SMC01982,2013-06-25T07:00:00Z,37,25,55.17,41.67,25,22524963,SMC01982
SMC15678,2013-06-25T07:00:00Z,40,25,67.67,41.67,25,22525157,SMC15678
SMC02174,2013-05-29T07:00:00Z,36,25,28.96,66.67,25,22523261,SMC02174
SMC02284,2013-05-29T07:00:00Z,40,25,50,58.33,25,22523205,SMC02284
SMC02208,2013-05-29T07:00:00Z,49,47.22,50,75,25,22523161,SMC02208
SGUR103,2013-07-10T07:00:00Z,91,77.78,93.29,91.67,100,22520987,SGUR103
SMC20497,2013-07-16T07:00:00Z,74,72.22,86.42,75,62.5,17586972,SMC20497
SMC10756,2013-06-26T07:00:00Z,39,33.33,62.5,33.33,25,17574521,SMC10756
SMC06079,2013-06-26T07:00:00Z,84,83.33,75,91.67,87.5,17573647,SMC06079
SMC19945,2013-06-25T07:00:00Z,86,77.78,96.54,83.33,87.5,17585796,SMC19945
SMC19669,2013-06-12T07:00:00Z,63,63.89,90.29,58.33,37.5,22545387,SMC19669
SMC40887,2013-06-12T07:00:00Z,80,88.89,90.29,66.67,75,22561196,SMC40887
519PS0514,2013-10-22T07:00:00Z,65,69.44,78.5,50,62.5,15022315,519PS0514
304PS0146,2013-10-24T07:00:00Z,48,66.67,25,50,50,17684382,304PS0146
516PS0324,2013-10-24T07:00:00Z,82,75,93.29,83.33,75,15012649,516PS0324
SMC02302,2013-07-15T07:00:00Z,42,33.33,67.67,41.67,25,22524989,SMC02302
518PS0089,2013-10-24T07:00:00Z,66,41.67,93.29,66.67,62.5,948020987,518PS0089
603PS1056,2013-10-24T07:00:00Z,78,58.33,100,91.67,62.5,20267009,603PS1056
603PS0075,2013-10-24T07:00:00Z,77,66.67,100,91.67,50,20275027,603PS0075
SMC09091,2013-06-27T07:00:00Z,45,69.44,37.5,50,25,20355330,SMC09091
SMC14099,2013-10-24T07:00:00Z,67,38.89,75,66.67,87.5,20355532,SMC14099
SMC13187,2013-06-04T07:00:00Z,53,50,75,50,37.5,20355428,SMC13187
SMC14211,2013-06-04T07:00:00Z,61,55.56,67.67,58.33,62.5,20355376,801M13849
SMC13214,2013-05-22T07:00:00Z,47,36.11,67.67,58.33,25,22560942,SMC13214
SMC09118,2013-05-22T07:00:00Z,43,25,30.17,66.67,50,22560942,SMC09118
SMC03011,2013-06-13T07:00:00Z,27,25,25,33.33,25,20350507,SMC03011
SMC03523,2013-06-11T07:00:00Z,61,52.78,50,66.67,75,20348517,SMC03523
SGLT507,2013-08-08T07:00:00Z,53,47.22,75,66.67,25,22521721,SGLT507
SGLT511,2013-08-08T07:00:00Z,68,66.67,93.29,50,62.5,22523195,SGLT511
SGUT505,2013-07-24T07:00:00Z,75,66.67,93.29,66.67,75,22524699,SGUT505
SGLT510,2013-07-24T07:00:00Z,58,36.11,93.29,66.67,37.5,948070469,SGLT510
SMC04524,2013-07-09T07:00:00Z,94,77.78,100,100,100,22520983,SMC04524
SMC06288,2013-07-08T07:00:00Z,78,63.89,90.29,83.33,75,22522745,SMC06288
SMC04972,2013-07-01T07:00:00Z,87,86.11,100,75,87.5,22522825,SMC04972
SMC19809,2013-06-25T07:00:00Z,86,61.11,96.54,100,87.5,17585808,SMC19809
SMC18545,2013-06-25T07:00:00Z,93,100,96.54,100,75,17586470,SMC18545
SMC19697,2013-06-24T07:00:00Z,74,80.56,86.42,66.67,62.5,948070372,SMC19697
ME-VR2,2013-06-24T07:00:00Z,73,61.11,78.5,91.67,62.5,948070372,ME-VR2
SMC18046,2013-06-24T07:00:00Z,78,72.22,90.29,75,75,17586810,SMC18046
ME-CC,2013-06-12T07:00:00Z,70,80.56,75,50,75,17562626,ME-CC
SMC05567,2013-06-12T07:00:00Z,76,75,90.29,75,62.5,17573673,SMC05567
SMC00324,2013-06-12T07:00:00Z,73,61.11,93.29,75,62.5,17573681,ME-SCR
SMC08068,2013-06-10T07:00:00Z,37,27.78,62.5,33.33,25,17562630,408M03052
113PS0076,2013-11-12T08:00:00Z,81,75,100,75,75,2666835,113PS0076
SMC06356,2013-06-10T07:00:00Z,72,61.11,90.29,75,62.5,17564110,SMC06356
SMC06740,2013-06-10T07:00:00Z,27,25,25,33.33,25,17564136,SMC06740
SMC08660,2013-06-06T07:00:00Z,58,58.33,75,50,50,17563908,SMC08660
SMC06612,2013-06-06T07:00:00Z,78,72.22,93.29,58.33,87.5,163864409,SMC06612
802S37697,2012-07-12T07:00:00Z,36,25,67.67,25,25,22534630,802S37697
801S04078,2012-07-11T07:00:00Z,36,25,62.5,33.33,25,22560356,801S04078
801S01805,2012-07-09T07:00:00Z,74,63.89,100,83.33,50,22560368,801S01805
801S04471,2012-07-09T07:00:00Z,60,47.22,71.04,83.33,37.5,22555908,801S04471
603RCC156,2013-08-06T07:00:00Z,87,77.78,100,83.33,87.5,20276189,603RCC156
205PS0221,2013-07-17T07:00:00Z,66,72.22,80.63,50,62.5,948050176,205PS0221
603DDM004,2013-08-08T07:00:00Z,87,77.78,100,83.33,87.5,20272507,603DDM004
205PS0234,2013-07-17T07:00:00Z,72,75,80.63,58.33,75,17694083,205PS0234
508PS0458,2013-07-22T07:00:00Z,67,77.78,100,41.67,50,2495606,508PS0458
526PS1420,2013-07-23T07:00:00Z,80,52.78,100,91.67,75,7928707,526PS1420
527PS1412,2013-07-24T07:00:00Z,70,52.78,93.29,58.33,75,7918181,527PS1412
603PS0136,2014-02-04T08:00:00Z,79,55.56,93.29,91.67,75,20276447,603PS0136
603PS1488,2013-08-06T07:00:00Z,92,69.44,100,100,100,20267041,603PS1488
603PS0132,2014-02-11T08:00:00Z,84,55.56,100,91.67,87.5,20276261,603PS0132
540MSJ132,2013-08-07T07:00:00Z,85,55.56,100,83.33,100,17112843,540MSJ132
539PS0127,2013-08-14T07:00:00Z,84,75,100,75,87.5,17099787,539PS0127
504WE0527,2013-08-19T07:00:00Z,86,80.56,100,75,87.5,12068226,504WE0527
105PS0211,2013-08-20T07:00:00Z,81,63.89,90.29,83.33,87.5,3800947,105PS0211
SMC01962,2014-07-17T07:00:00Z,39,30.56,25,75,25,948070399,SMC01962
402SNPMCR,2014-05-28T07:00:00Z,79,75,90.29,75,75,17585800,402SNPMCR
SMC08150,2014-07-08T07:00:00Z,70,77.78,80.63,58.33,62.5,20331414,SMC08150
SMC01990,2014-07-08T07:00:00Z,56,55.56,37.5,66.67,62.5,20331470,SMC01990
SMC03268,2014-05-27T07:00:00Z,66,58.33,79.75,75,50,17562656,SMC03268
505PS1180,2013-08-21T07:00:00Z,87,75,93.29,91.67,87.5,7961581,505PS1180
552MFC120,2013-08-27T07:00:00Z,85,77.78,100,75,87.5,22050673,552MFC120
634PS0131,2013-09-03T07:00:00Z,77,75,80.63,66.67,87.5,8943697,634PS0131
634TRT001,2014-02-18T08:00:00Z,81,66.67,96.54,75,87.5,8944533,634TRT001
634PS0126,2014-02-19T08:00:00Z,82,77.78,96.54,66.67,87.5,8944515,634PS0126
207PS0241,2013-09-11T07:00:00Z,50,63.89,37.5,50,50,2784567,207PS0241
206PS0230,2013-09-11T07:00:00Z,56,50,73.25,50,50,1671493,206PS0230
632PS0110,2013-08-05T07:00:00Z,80,55.56,93.29,83.33,87.5,8924075,632PS0110
205PS0202,2013-07-17T07:00:00Z,61,75,62.5,58.33,50,17693229,205PS0202
520PS0455,2013-07-22T07:00:00Z,70,61.11,75,58.33,87.5,1680009,520PS0455
308PS0204,2013-07-12T07:00:00Z,79,69.44,96.54,75,75,8188943,308PS0204
802S33561,2012-06-04T07:00:00Z,55,61.11,64.88,58.33,37.5,22536092,802S33561
SMC01384,2014-06-17T07:00:00Z,74,66.67,96.54,58.33,75,20365093,SMC01384
SMC04264,2014-06-17T07:00:00Z,62,52.78,75,58.33,62.5,20364815,SMC04264
802SJN851,2014-04-10T07:00:00Z,87,61.11,100,100,87.5,22535254,802SJN851
905BCC,2014-04-11T07:00:00Z,80,72.22,93.29,91.67,62.5,20329660,905BCC
907BCT,2014-04-17T07:00:00Z,88,72.22,100,91.67,87.5,20332536,907BCT
911LAP,2014-04-09T07:00:00Z,71,58.33,100,75,50,20325295,911LAP
SMC01909,2014-07-10T07:00:00Z,68,75,90.29,58.33,50,20341649,SMC01909
SMC04600,2014-07-08T07:00:00Z,84,88.89,85.38,75,87.5,17574717,SMC04600
SMC00198,2014-07-09T07:00:00Z,84,86.11,100,75,75,20331208,SMC00198
SMC01049,2014-07-09T07:00:00Z,56,55.56,80.63,50,37.5,20341897,SMC01049
SMC06904,2014-07-08T07:00:00Z,80,80.56,75,75,87.5,17574677,SMC06904
SMC00324,2014-05-29T07:00:00Z,62,52.78,93.29,50,50,17573681,ME-SCR
SMC05759,2014-05-29T07:00:00Z,74,66.67,93.29,75,62.5,17572963,SMC05759
